survey,CFA3S-B,CFA3S-V,CFA3S-R,CFA3S-I,PS1-g,PS1-r,PS1-i,PS1-z,RA,DEC,CFA3S-B_AV,CFA3S-V_AV,CFA3S-R_AV,CFA3S-I_AV,PS1-g_AV,PS1-r_AV,PS1-i_AV,PS1-z_AV
CFA3S,18.0873,17.3784,16.8598,16.462,17.6406,17.1136,16.9117,16.843,105.054,59.5102,0.242742,0.186206,0.141105,0.103041,0.217043,0.15364,0.113584,0.0897038
CFA3S,16.1763,15.6174,15.1748,14.982,15.6773,15.2437,15.0617,15.0005,105.017,59.4646,0.244562,0.187602,0.142163,0.103813,0.21867,0.154792,0.114436,0.0903762
CFA3S,16.4183,15.8174,15.3808,15.016,16.0291,15.5796,15.4289,15.3789,104.899,59.4705,0.242861,0.186297,0.141174,0.103091,0.217148,0.153715,0.11364,0.0897476
CFA3S,17.6693,16.8824,16.3008,15.87,17.1645,16.5473,16.3097,16.2163,104.842,59.5469,0.24306,0.18645,0.14129,0.103176,0.217327,0.153841,0.113733,0.0898212
CFA3S,16.473,15.843,15.4032,15.0465,16.0777,15.6346,15.4774,15.4483,137.357,50.3266,0.0545191,0.0418213,0.0316917,0.0231426,0.048747,0.0345071,0.0255107,0.0201472
CFA3S,16.5782,16.0646,15.6678,15.3239,16.2279,15.8745,15.7474,15.728,160.067,24.1822,0.0790866,0.0606669,0.0459727,0.0335712,0.0707135,0.0500567,0.0370063,0.0292259
CFA3S,18.8359,18.2136,17.7021,17.1509,18.4927,18.008,17.7928,17.6455,160.044,24.0678,0.088007,0.0675098,0.0511581,0.0373578,0.0786895,0.0557028,0.0411804,0.0325224
CFA3S,16.705,15.981,15.4715,15.049,16.2539,15.7007,15.4922,15.4088,159.99,24.0515,0.0865283,0.0663755,0.0502985,0.0367301,0.0773674,0.0547669,0.0404885,0.031976
CFA3S,18.9146,18.4383,18.0222,17.7173,18.6108,18.2935,18.1392,18.05,159.953,24.0322,0.0803066,0.0616028,0.0466819,0.0340891,0.0718044,0.0508289,0.0375772,0.0296768
CFA3S,17.099,16.348,15.8012,15.3703,16.6322,16.0363,15.8158,15.7335,159.949,24.0552,0.0842585,0.0646343,0.0489791,0.0357666,0.0753379,0.0533302,0.0394264,0.0311372
CFA3S,16.7419,15.9463,15.4142,15.0103,16.249,15.644,15.4554,15.3905,159.948,24.076,0.087406,0.0670487,0.0508087,0.0371026,0.0781521,0.0553224,0.0408991,0.0323003
CFA3S,16.9439,16.4633,16.0922,15.7576,16.6267,16.3069,16.195,16.1744,159.93,24.1632,0.0877345,0.0673007,0.0509997,0.0372421,0.0784459,0.0555303,0.0410529,0.0324217
CFA3S,18.9774,18.5065,18.1068,17.7669,18.6471,18.5324,18.11,18.1787,179.366,25.1839,0.0682064,0.0523208,0.0396481,0.0289527,0.0609853,0.0431703,0.0319153,0.0252052
CFA3S,18.9265,18.346,17.8279,17.4338,18.5572,18.4165,18.1229,18.1673,179.251,25.1436,0.0641838,0.0492351,0.0373098,0.0272452,0.0573885,0.0406242,0.030033,0.0237187
CFA3S,15.6254,15.0699,14.6765,14.3453,15.2652,14.8873,14.7755,14.7647,167.787,55.2006,0.0405129,0.0310772,0.0235499,0.0171972,0.0362237,0.025642,0.0189568,0.0149713
CFA3S,16.395,15.7192,15.2612,14.8849,15.9725,15.4911,15.3403,15.2867,167.729,55.2379,0.0423921,0.0325188,0.0246423,0.0179949,0.0379039,0.0268315,0.0198362,0.0156657
CFA3S,15.3387,14.9029,14.5572,14.2553,15.0177,14.7393,14.6714,14.6839,167.724,55.1581,0.041172,0.0315828,0.0239331,0.017477,0.036813,0.0260592,0.0192653,0.0152149
CFA3S,18.1253,17.3825,16.8745,16.4895,17.6915,17.1344,16.9364,16.8746,167.685,55.2268,0.0448172,0.0343791,0.0260521,0.0190243,0.0400723,0.0283664,0.0209709,0.0165619
CFA3S,16.301,15.6362,15.1802,14.8022,15.871,15.3913,15.2324,15.1883,167.641,55.1414,0.0426058,0.0326827,0.0247666,0.0180856,0.038095,0.0269667,0.0199362,0.0157447
CFA3S,18.0766,17.6365,17.3205,17.0395,17.7889,17.5242,17.4367,17.4262,167.569,55.1944,0.0480696,0.036874,0.0279427,0.0204049,0.0429804,0.030425,0.0224928,0.0177638
CFA3S,17.5247,17.0489,16.731,16.5832,18.4076,17.9316,17.7741,17.6955,216.645,26.1957,0.0648874,0.0497748,0.0377188,0.0275438,0.0580177,0.0410696,0.0303622,0.0239787
CFA3S,17.4346,16.7451,16.3066,15.9231,17.0745,16.5684,16.3644,16.3019,216.627,26.2258,0.0673032,0.051628,0.0391231,0.0285693,0.0601777,0.0425986,0.0314926,0.0248715
CFA3S,16.8473,16.3265,15.9406,15.6268,16.4933,16.1474,16.0309,16.0089,216.58,26.22,0.0650249,0.0498803,0.0377987,0.0276022,0.0581406,0.0411566,0.0304266,0.0240295
CFA3S,16.8637,16.3798,16.0063,15.6998,16.5434,16.2216,16.1138,16.1017,216.564,26.2887,0.0646836,0.0496185,0.0376003,0.0274573,0.0578354,0.0409406,0.0302669,0.0239034
CFA3S,16.3386,15.4771,14.8699,14.4371,15.8177,15.1172,14.8697,14.7775,216.557,26.2389,0.0640078,0.0491001,0.0372075,0.0271705,0.0572312,0.0405128,0.0299507,0.0236537
CFA3S,18.2637,17.8328,17.5363,17.2092,18.0125,17.7343,17.6282,17.5988,216.542,26.2768,0.0635498,0.0487487,0.0369412,0.026976,0.0568217,0.0402229,0.0297363,0.0234844
CFA3S,15.8443,15.3228,14.9383,14.6272,15.4948,15.141,15.0177,14.9945,216.507,26.178,0.0583558,0.0447645,0.033922,0.0247713,0.0521776,0.0369355,0.0273059,0.021565
CFA3S,15.7946,15.2287,14.8245,14.486,15.4219,15.0481,14.8898,14.8676,248.746,76.0129,0.174917,0.134178,0.101678,0.0742499,0.156398,0.110711,0.0818474,0.0646395
CFA3S,18.0404,17.5391,17.1649,16.8607,17.723,17.4012,17.2641,17.2319,248.591,75.9432,0.164677,0.126323,0.0957262,0.0699033,0.147243,0.10423,0.0770561,0.0608555
CFA3S,18.3121,17.5802,16.989,16.5487,17.8595,17.2687,17.0007,16.8834,270.478,26.2764,0.331657,0.254413,0.192791,0.140784,0.296544,0.209918,0.15519,0.122562
CFA3S,18.0964,17.5019,17.0077,16.6298,17.6824,17.2217,17.0388,16.9785,270.473,26.3317,0.311867,0.239232,0.181287,0.132383,0.278849,0.197392,0.145929,0.115248
CFA3S,17.2327,16.4312,15.854,15.4354,16.7157,16.1055,15.8814,15.7943,270.47,26.2055,0.349326,0.267966,0.203062,0.148284,0.312342,0.221101,0.163457,0.129091
CFA3S,18.4211,17.5889,17.0774,16.6831,17.8512,17.3157,17.1363,17.0627,270.46,26.3279,0.315639,0.242125,0.183479,0.133984,0.282221,0.199779,0.147694,0.116642
CFA3S,18.0794,17.5152,17.0757,16.6837,17.6714,17.2932,17.1227,17.0575,270.43,26.3349,0.317441,0.243507,0.184527,0.134749,0.283833,0.20092,0.148538,0.117308
CFA3S,17.1307,16.3882,15.8603,15.4591,16.6763,16.1287,15.9249,15.8403,270.424,26.2926,0.333768,0.256032,0.194018,0.14168,0.298431,0.211254,0.156177,0.123342
CFA3S,18.7767,18.1972,17.7373,17.3907,18.3747,17.9464,17.79,17.7557,270.407,26.3172,0.329852,0.253028,0.191742,0.140018,0.29493,0.208775,0.154345,0.121895
CFA3S,17.7716,17.1105,16.6231,16.2201,17.3375,16.886,16.6892,16.6238,270.407,26.2408,0.343708,0.263656,0.199796,0.145899,0.307319,0.217545,0.160828,0.127015
CFA3S,17.7431,17.2142,16.7863,16.4251,17.3927,17.0101,16.8483,16.8061,270.388,26.3414,0.319802,0.245319,0.1859,0.135752,0.285944,0.202414,0.149642,0.118181
CFA3S,18.0808,17.6409,17.2207,16.8758,17.73,17.4274,17.2856,17.2506,270.384,26.2257,0.345316,0.26489,0.200731,0.146582,0.308756,0.218563,0.161581,0.127609
CFA3S,17.2441,16.6236,16.1427,15.7345,16.8389,16.3612,16.1673,16.0993,270.381,26.1932,0.350649,0.268981,0.203831,0.148846,0.313525,0.221938,0.164076,0.12958
CFA3S,17.7235,17.0906,16.6124,16.3248,17.2793,16.8338,16.6612,16.5913,270.379,26.2041,0.347942,0.266905,0.202257,0.147697,0.311105,0.220225,0.16281,0.12858
CFA3S,16.8595,16.1186,15.5884,15.1841,16.3911,15.8387,15.6275,15.552,270.348,26.2836,0.338107,0.25936,0.19654,0.143522,0.302311,0.214,0.158207,0.124945
CFA3S,17.0361,16.4029,15.9344,15.5514,16.6551,16.21,16.0267,15.9575,270.327,26.3191,0.32596,0.250042,0.189479,0.138365,0.29145,0.206311,0.152524,0.120456
CFA3S,18.3441,17.6769,17.1807,16.7431,17.9079,17.4157,17.2223,17.1435,270.325,26.2962,0.334606,0.256674,0.194505,0.142036,0.29918,0.211784,0.156569,0.123651
CFA3S,18.1338,17.3799,16.8351,16.3801,17.6785,17.0978,16.8228,16.7271,257.829,5.77519,0.53502,0.410411,0.311005,0.227109,0.478377,0.338633,0.250348,0.197713
CFA3S,18.5588,17.9544,17.4486,17.0436,18.1997,17.73,17.4978,17.4128,257.826,5.75712,0.536347,0.41143,0.311776,0.227672,0.479563,0.339473,0.250969,0.198204
CFA3S,18.3238,17.5709,17.0496,16.5866,17.8601,17.3055,17.0385,16.9416,257.803,5.79937,0.536413,0.41148,0.311815,0.2277,0.479622,0.339515,0.250999,0.198228
CFA3S,17.6813,16.7549,16.1036,15.5636,17.125,16.379,16.0292,15.873,257.793,5.76965,0.531184,0.407468,0.308775,0.22548,0.474946,0.336205,0.248552,0.196296
CFA3S,17.6313,16.8189,16.2241,15.7021,17.1414,16.4911,16.1722,16.0172,257.773,5.83937,0.54584,0.418711,0.317295,0.231702,0.488051,0.345482,0.25541,0.201712
CFA3S,17.3093,16.3089,15.6041,15.0746,16.7392,15.8821,15.5265,15.3788,257.755,5.80256,0.527137,0.404364,0.306422,0.223762,0.471328,0.333644,0.246659,0.1948
CFA3S,17.6118,16.8189,16.2416,15.7911,17.1213,16.5056,16.2263,16.107,257.747,5.84069,0.539897,0.414152,0.31384,0.229179,0.482737,0.34172,0.252629,0.199515
CFA3S,18.1203,17.4499,16.9561,16.5521,17.7041,17.2211,16.9923,16.92,257.743,5.92894,0.543165,0.416659,0.315739,0.230566,0.485659,0.343788,0.254159,0.200723
CFA3S,18.2871,17.3725,16.6637,16.1544,17.7366,16.9445,16.6479,16.5279,24.673,41.6708,0.208515,0.159951,0.121209,0.0885116,0.186439,0.131976,0.0975685,0.0770552
CFA3S,16.8761,15.9475,15.2847,14.7674,16.3148,15.549,15.2555,15.1495,24.6576,41.7284,0.206529,0.158427,0.120054,0.0876686,0.184663,0.130719,0.0966392,0.0763214
CFA3S,17.3971,16.8205,16.3867,16.0194,17.027,16.6141,16.4649,16.4363,24.6382,41.6918,0.211584,0.162305,0.122993,0.0898144,0.189183,0.133919,0.0990046,0.0781894
CFA3S,18.3381,17.5155,16.9617,16.4804,17.846,17.216,16.9803,16.8782,24.6129,41.5821,0.209831,0.160961,0.121974,0.0890705,0.187616,0.13281,0.0981846,0.0775418
CFA3S,17.4551,16.8715,16.4497,16.0694,17.0868,16.6687,16.5173,16.4679,24.5907,41.5765,0.213132,0.163492,0.123893,0.0904716,0.190567,0.134899,0.099729,0.0787615
CFA3S,16.7661,16.2715,15.8977,15.5724,16.4321,16.1118,16.0111,15.995,24.5903,41.6018,0.214112,0.164244,0.124462,0.0908877,0.191444,0.135519,0.100188,0.0791238
CFA3S,16.4431,15.6075,15.0307,14.5524,15.9316,15.2836,15.0266,14.9242,24.5044,41.6458,0.220729,0.16932,0.128309,0.0936964,0.19736,0.139707,0.103284,0.081569
CFA3S,17.2061,16.7585,16.4157,16.0844,16.9165,16.6197,16.5302,16.5187,24.4855,41.6477,0.219891,0.168677,0.127822,0.0933408,0.196611,0.139177,0.102892,0.0812593
CFA3S,18.8371,18.2705,17.7857,17.3994,18.4848,18.0447,17.8833,17.8291,24.4757,41.7484,0.215475,0.16529,0.125254,0.091466,0.192662,0.136382,0.100825,0.0796273
CFA3S,17.9551,17.2125,16.7377,16.4084,17.4882,16.9637,16.793,16.7265,24.4578,41.5898,0.228358,0.175172,0.132744,0.0969349,0.204181,0.144536,0.106854,0.0843883
CFA3S,18.0631,17.5285,17.1467,16.7774,17.7139,17.3732,17.2584,17.2264,24.4562,41.7367,0.215014,0.164936,0.124987,0.0912707,0.19225,0.13609,0.10061,0.0794572
CFA3S,17.6051,16.9795,16.5417,16.1704,17.2215,16.7904,16.6188,16.5704,24.4545,41.6871,0.214923,0.164866,0.124934,0.091232,0.192169,0.136033,0.100567,0.0794235
CFA3S,17.5157,17.0613,16.6864,16.3695,17.1954,16.9129,16.8145,16.7954,21.414,33.9633,0.184091,0.141216,0.107012,0.0781443,0.164601,0.116518,0.0861403,0.0680298
CFA3S,17.1407,16.6083,16.2134,15.8465,16.7998,16.4466,16.3119,16.2669,21.3898,33.9762,0.188226,0.144387,0.109415,0.0798994,0.168298,0.119135,0.0880751,0.0695578
CFA3S,18.1437,17.4513,16.9664,16.5105,17.7399,17.2171,17.0291,16.9513,21.3893,34.116,0.186523,0.143081,0.108425,0.0791767,0.166776,0.118057,0.0872783,0.0689285
CFA3S,15.7737,15.1313,14.6924,14.2965,15.3532,14.9105,14.7525,14.7108,21.3867,34.0094,0.186337,0.142938,0.108317,0.0790977,0.166609,0.11794,0.0871913,0.0688598
CFA3S,15.9667,15.3843,14.9774,14.5955,15.6003,15.2039,15.0556,15.0315,21.3852,34.0184,0.186028,0.142701,0.108137,0.0789665,0.166333,0.117744,0.0870466,0.0687455
CFA3S,18.4637,17.7563,17.2144,16.7575,18.0215,17.472,17.2279,17.1701,21.3544,34.056,0.187133,0.143549,0.10878,0.0794355,0.167321,0.118443,0.0875637,0.0691539
CFA3S,16.0927,15.6033,15.2384,14.9025,15.7883,15.4744,15.3575,15.3438,21.3392,34.1123,0.187079,0.143507,0.108748,0.0794125,0.167272,0.118409,0.0875383,0.0691338
CFA3S,16.0417,15.3603,14.8764,14.4465,15.6104,15.1454,14.926,14.8762,21.3308,34.0894,0.187393,0.143748,0.108931,0.0795459,0.167554,0.118608,0.0876853,0.06925
CFA3S,16.1477,15.3483,14.7714,14.3015,15.7503,14.9705,15.003,14.7037,21.3178,34.1086,0.186827,0.143314,0.108602,0.0793055,0.167047,0.118249,0.0874203,0.0690407
CFA3S,17.4547,16.5583,15.9294,15.4545,16.9208,16.1916,15.9171,15.8135,21.2752,34.0939,0.186632,0.143165,0.108488,0.0792228,0.166873,0.118126,0.0873292,0.0689687
CFA3S,17.6397,17.0813,16.6564,16.2795,17.2194,16.8467,16.7071,16.6485,21.2614,33.9623,0.19097,0.146492,0.11101,0.0810641,0.170751,0.120872,0.0893589,0.0705717
CFA3S,17.5632,17.0637,16.6946,16.3462,17.2346,16.9213,16.8081,16.7933,74.3387,-4.8078,0.143159,0.109817,0.0832177,0.0607691,0.128002,0.0906105,0.0669872,0.0529035
CFA3S,18.1102,17.5507,16.8226,16.0402,18.58,18.1615,18.0115,18.0019,74.3375,-4.80338,0.14362,0.11017,0.0834859,0.0609649,0.128415,0.0909024,0.0672031,0.053074
CFA3S,16.728,16.1957,15.8097,15.4709,16.3914,16.061,15.9218,15.903,74.3313,-4.82998,0.142183,0.109068,0.0826506,0.0603549,0.12713,0.089993,0.0665307,0.052543
CFA3S,17.9042,17.2522,16.822,16.428,17.4941,17.0547,16.9084,16.8631,74.3283,-4.84059,0.14191,0.108858,0.0824915,0.0602388,0.126885,0.0898198,0.0664026,0.0524418
CFA3S,16.3105,15.5495,14.997,14.5363,15.8373,15.272,15.0088,14.9194,74.3225,-4.74635,0.154006,0.118138,0.0895233,0.0653737,0.137702,0.0974762,0.072063,0.0569121
CFA3S,16.5952,15.7199,15.1054,14.6297,16.0717,15.3793,15.1066,15.0051,74.3039,-4.70459,0.157532,0.120842,0.0915725,0.0668701,0.140854,0.0997074,0.0737125,0.0582148
CFA3S,17.2636,16.3639,15.752,15.2831,16.7121,16.0099,15.7477,15.6492,74.2691,-4.6812,0.155969,0.119643,0.0906641,0.0662067,0.139456,0.0987183,0.0729812,0.0576373
CFA3S,16.2079,15.4889,14.9984,14.5837,15.7488,15.2366,15.0364,14.9734,74.2675,-4.77995,0.161145,0.123614,0.0936729,0.0684039,0.144084,0.101994,0.0754033,0.0595501
CFA3S,17.1348,16.3455,15.7823,15.3177,16.6363,16.0313,15.7843,15.6863,74.2645,-4.72118,0.163191,0.125183,0.0948621,0.0692723,0.145913,0.103289,0.0763605,0.0603061
CFA3S,18.1669,17.3812,16.8577,16.412,17.6609,17.1099,16.8827,16.7943,74.2534,-4.77817,0.163819,0.125664,0.095227,0.0695387,0.146475,0.103687,0.0766542,0.0605381
CFA3S,15.8732,15.2382,14.803,14.4527,15.4349,15.0222,14.8745,14.847,74.2463,-4.74464,0.164301,0.126034,0.0955073,0.0697434,0.146906,0.103992,0.0768798,0.0607163
CFA3S,16.0405,15.5562,15.1963,14.9174,15.6621,15.3431,15.2363,15.2178,74.2327,-4.74693,0.163537,0.125448,0.0950633,0.0694192,0.146223,0.103508,0.0765224,0.060434
CFA3S,17.0937,16.5898,16.2023,15.8731,16.7596,16.427,16.2947,16.2801,74.2319,-4.84122,0.15191,0.11653,0.0883048,0.0644839,0.135827,0.0961495,0.0710821,0.0561375
CFA3S,15.9006,15.2829,14.8554,14.5044,15.4952,15.075,14.9336,14.9138,74.2292,-4.83581,0.152568,0.117034,0.0886872,0.0647631,0.136415,0.0965659,0.07139,0.0563806
CFA3S,15.8462,15.3269,14.931,14.5871,15.5229,15.1487,15.0027,14.973,74.1968,-4.81081,0.154348,0.118399,0.0897217,0.0655186,0.138007,0.0976922,0.0722227,0.0570382
CFA3S,16.4172,15.8785,15.497,15.169,16.0508,15.7077,15.6025,15.5836,74.1651,-4.7519,0.151787,0.116435,0.088233,0.0644314,0.135717,0.0960713,0.0710243,0.0560918
CFA3S,18.0186,17.1949,16.6867,16.2991,17.3168,16.8748,16.7063,16.6466,74.1562,-4.79677,0.152698,0.117134,0.0887626,0.0648181,0.136531,0.0966479,0.0714506,0.0564285
CFA3S,18.0811,17.33,16.8312,16.4357,17.6308,17.0961,16.8947,16.8369,144.566,25.5229,0.0705892,0.0541486,0.0410332,0.0299642,0.0631158,0.0446784,0.0330302,0.0260858
CFA3S,17.8474,17.2148,16.7713,16.4165,17.4538,17.0101,16.8413,16.8154,144.52,25.5753,0.0686237,0.0526409,0.0398906,0.0291298,0.0613583,0.0434344,0.0321105,0.0253594
CFA3S,18.3921,17.9695,17.6424,17.3052,18.1445,17.8382,17.7376,17.7363,144.503,25.5439,0.0736777,0.0565178,0.0428285,0.0312752,0.0658773,0.0466332,0.0344754,0.0272271
CFA3S,18.3715,17.5204,16.8827,16.4024,17.873,17.1766,16.8913,16.781,144.489,25.4276,0.0741518,0.0568815,0.0431041,0.0314764,0.0663012,0.0469333,0.0346972,0.0274023
CFA3S,15.6533,15.1085,14.7254,14.4654,15.2816,14.9123,14.7827,14.7883,144.48,25.4174,0.0735757,0.0564395,0.0427692,0.0312319,0.0657861,0.0465687,0.0344277,0.0271894
CFA3S,16.3231,15.4745,14.8942,14.4064,15.785,15.1507,14.8651,14.752,144.462,25.476,0.0759695,0.0582758,0.0441607,0.032248,0.0679265,0.0480838,0.0355478,0.0280741
CFA3S,15.9393,15.3595,14.9392,14.5919,15.5739,15.1593,15.0116,14.984,144.409,25.4855,0.0732858,0.0562172,0.0426007,0.0311088,0.0655269,0.0463852,0.034292,0.0270823
CFA3S,17.7082,17.2513,16.9233,16.5793,17.4283,17.1376,17.029,17.0189,149.769,17.7717,0.116787,0.0895864,0.0678875,0.0495743,0.104422,0.0739184,0.054647,0.0431577
CFA3S,17.0072,16.5003,16.1213,15.8093,16.6999,16.3581,16.2262,16.1908,149.722,17.8138,0.115602,0.088678,0.0671991,0.0490716,0.103363,0.0731688,0.0540928,0.0427201
CFA3S,18.6848,18.066,17.6454,17.2437,18.3456,17.8772,17.6958,17.6268,347.752,7.52447,0.255968,0.196352,0.148793,0.108655,0.228868,0.162011,0.119773,0.0945913
CFA3S,18.0598,17.357,16.8354,16.3627,17.6631,17.0855,16.8334,16.741,347.732,7.4917,0.251316,0.192783,0.146089,0.10668,0.224709,0.159067,0.117596,0.0928722
CFA3S,17.3218,16.779,16.3724,16.0007,17.0079,16.5864,16.452,16.3883,347.697,7.6545,0.256604,0.19684,0.149163,0.108925,0.229437,0.162414,0.120071,0.0948265
CFA3S,18.6478,17.897,17.4084,16.9877,18.2883,17.7567,17.6053,17.5064,347.612,7.55179,0.210312,0.161329,0.122253,0.0892744,0.188046,0.133114,0.0984094,0.0777193
CFA3S,16.9183,16.3725,15.9738,15.6375,16.5568,16.1989,16.0682,16.0587,154.344,60.3036,0.029768,0.0228349,0.017304,0.0126361,0.0266164,0.0188412,0.0139291,0.0110006
CFA3S,15.401,14.9525,14.6154,14.3062,15.0812,14.8201,14.72,14.7159,196.988,34.1554,0.040483,0.0310543,0.0235326,0.0171845,0.036197,0.0256231,0.0189429,0.0149602
CFA3S,16.7837,16.1782,15.7384,15.3643,16.384,15.9578,15.8024,15.7772,196.981,34.0096,0.0426606,0.0327247,0.0247984,0.0181088,0.038144,0.0270014,0.0199618,0.0157649
CFA3S,16.197,15.6565,15.2641,14.9279,15.843,15.4837,15.3655,15.3466,196.968,34.1374,0.0422767,0.0324302,0.0245752,0.0179459,0.0378007,0.0267584,0.0197822,0.0156231
CFA3S,16.525,15.8112,15.3151,14.9153,16.0718,15.5416,15.3531,15.303,196.923,34.0698,0.040398,0.0309891,0.0234832,0.0171484,0.036121,0.0255693,0.0189031,0.0149288
CFA3S,18.5027,18.1172,17.7884,17.4649,18.2401,18.037,17.9046,17.8963,196.889,34.1752,0.0402514,0.0308767,0.023398,0.0170862,0.0359899,0.0254766,0.0188345,0.0148747
CFA3S,17.958,17.4162,17.0361,16.7172,17.5833,17.2395,17.0997,17.0726,154.491,21.7481,0.0875211,0.067137,0.0508756,0.0371515,0.078255,0.0553952,0.040953,0.0323429
CFA3S,16.2457,15.6739,15.2863,14.9702,15.8396,15.4781,15.3591,15.3298,154.478,21.7855,0.0875254,0.0671403,0.0508782,0.0371534,0.0782589,0.055398,0.040955,0.0323445
CFA3S,17.0377,16.4182,15.9516,15.5602,16.6524,16.1905,16.0086,15.9587,154.45,21.9001,0.0878816,0.0674136,0.0510852,0.0373046,0.0785774,0.0556234,0.0411217,0.0324761
CFA3S,17.2811,16.4808,15.8919,15.442,16.8072,16.1398,15.8891,15.7793,216.25,26.6564,0.0668319,0.0512664,0.0388491,0.0283692,0.0597563,0.0423003,0.0312721,0.0246973
CFA3S,18.1618,17.8138,17.4746,17.1777,17.8868,17.6721,17.5981,17.6111,216.233,26.6856,0.0671393,0.0515023,0.0390278,0.0284997,0.0600312,0.0424949,0.0314159,0.0248109
CFA3S,16.7673,16.0718,15.5871,15.1915,16.331,15.8232,15.6243,15.5529,216.196,26.6742,0.0666846,0.0511534,0.0387635,0.0283067,0.0596246,0.0422071,0.0312032,0.0246429
CFA3S,17.5754,16.9402,16.4857,16.1001,17.1783,16.7176,16.536,16.4727,216.188,26.6886,0.0677538,0.0519736,0.039385,0.0287606,0.0605805,0.0428838,0.0317035,0.025038
CFA3S,17.7934,16.8253,16.1222,15.5019,17.2299,16.4213,16.0141,15.8141,306.067,58.3069,1.45168,1.11357,0.843854,0.616217,1.29799,0.918818,0.679271,0.536458
CFA3S,16.9564,16.0168,15.3767,14.8462,16.4954,15.7081,15.3302,15.1533,306.065,58.3777,1.52465,1.16955,0.886274,0.647195,1.36324,0.965008,0.713418,0.563426
CFA3S,17.1829,16.2319,15.5454,14.9709,16.6335,15.8423,15.4542,15.2708,306.051,58.4341,1.58225,1.21374,0.919757,0.671645,1.41474,1.00146,0.74037,0.584712
CFA3S,17.5427,16.5921,15.9275,15.3977,16.9918,16.2187,15.8563,15.6993,305.985,58.3915,1.47265,1.12966,0.856045,0.62512,1.31674,0.932093,0.689085,0.544209
CFA3S,17.5117,16.4918,15.7534,15.1649,16.9015,16.0449,15.6345,15.4397,305.905,58.2929,1.38629,1.06341,0.805842,0.588459,1.23952,0.877429,0.648673,0.512293
CFA3S,17.7647,16.8326,16.1577,15.6115,17.1964,16.4324,16.0633,15.8881,305.853,58.3117,1.38796,1.0647,0.806817,0.589172,1.24102,0.878492,0.649458,0.512913
CFA3S,17.829,16.9006,16.2318,15.6673,17.2971,16.5272,16.1483,15.9666,305.802,58.4239,1.43085,1.0976,0.831747,0.607376,1.27936,0.905636,0.669526,0.528761
CFA3S,16.2911,15.5204,14.9635,14.5183,15.8154,15.2269,14.9781,14.8778,236.809,-1.0652,0.352113,0.270104,0.204682,0.149467,0.314834,0.222865,0.164761,0.130121
CFA3S,16.134,15.4832,15.0103,14.6093,15.7127,15.2366,15.033,14.9577,236.738,-1.07227,0.337011,0.25852,0.195903,0.143057,0.301331,0.213306,0.157695,0.12454
CFA3S,17.3276,16.5885,16.0609,15.6496,16.8455,16.293,16.0696,15.9754,236.68,-1.07222,0.341271,0.261787,0.198379,0.144865,0.30514,0.216002,0.159688,0.126114
CFA3S,16.4604,15.9379,15.5462,15.2258,16.1192,15.7684,15.6632,15.6413,211.718,-5.49285,0.0872532,0.0669315,0.0507199,0.0370378,0.0780155,0.0552257,0.0408277,0.0322439
CFA3S,17.3564,16.8099,16.4039,16.0781,16.9846,16.618,16.4861,16.4678,211.687,-5.46974,0.0865717,0.0664087,0.0503237,0.0367485,0.0774062,0.0547943,0.0405088,0.031992
CFA3S,16.5891,15.9499,15.4916,15.1305,16.1856,15.7269,15.558,15.5016,211.682,-5.34674,0.0821747,0.0630358,0.0477678,0.0348821,0.0734747,0.0520113,0.0384513,0.0303672
CFA3S,17.2851,16.7359,16.2842,15.9058,16.9434,16.525,16.339,16.2884,211.643,-5.49268,0.0873581,0.067012,0.0507809,0.0370823,0.0781093,0.055292,0.0408767,0.0322826
CFA3S,16.824,16.3395,15.9588,15.6727,16.4813,16.1641,16.0643,16.06,211.619,-5.45926,0.085269,0.0654094,0.0495665,0.0361955,0.0762414,0.0539698,0.0398992,0.0315106
CFA3S,17.0707,16.6435,16.2932,15.9961,16.7654,16.4887,16.3955,16.3835,211.584,-5.40442,0.0840327,0.0644611,0.0488478,0.0356707,0.075136,0.0531873,0.0393207,0.0310537
CFA3S,17.2994,16.8932,16.5552,16.2674,17.0124,16.7596,16.6707,16.6598,211.584,-5.45349,0.0841351,0.0645396,0.0489074,0.0357142,0.0752275,0.0532521,0.0393686,0.0310916
CFA3S,16.2867,15.7332,15.3299,15.0074,15.9178,15.5481,15.4161,15.3881,211.563,-5.39208,0.0840906,0.0645055,0.0488815,0.0356953,0.0751878,0.053224,0.0393478,0.0310752
CFA3S,17.2777,16.7597,16.3826,16.0233,16.933,16.6064,16.4859,16.479,244.233,35.6734,0.0485429,0.037237,0.0282178,0.0206058,0.0434036,0.0307246,0.0227143,0.0179387
CFA3S,17.264,16.633,16.1799,15.779,16.8442,16.4162,16.2449,16.1955,244.22,35.7945,0.043985,0.0337407,0.0255683,0.018671,0.0393282,0.0278397,0.0205815,0.0162544
CFA3S,16.5696,15.9793,15.5515,15.1729,16.1813,15.7838,15.6319,15.5948,244.211,35.7788,0.0461048,0.0353668,0.0268005,0.0195709,0.0412236,0.0291814,0.0215734,0.0170377
CFA3S,16.0016,15.4303,15.0225,14.6513,15.6039,15.2285,15.0829,15.0528,244.131,35.638,0.0533611,0.0409331,0.0310186,0.0226511,0.0477117,0.0337742,0.0249688,0.0197193
CFA3S,17.3383,16.777,16.3765,-982.223,16.9478,16.5829,16.4621,16.4469,244.126,35.6901,0.064805,0.0497116,0.0376708,0.0275088,0.0579439,0.0410174,0.0303236,0.0239483
CFA3S,16.5537,15.8467,15.3439,14.9223,16.0989,15.5822,15.3778,15.3078,244.086,35.759,0.0610389,0.0468227,0.0354817,0.0259102,0.0545766,0.0386337,0.0285614,0.0225565
CFA3S,17.297,16.7407,16.3392,15.969,16.9186,16.5501,16.419,16.3866,244.076,35.7406,0.0623045,0.0477935,0.0362174,0.0264474,0.0557082,0.0394348,0.0291536,0.0230242
CFA3S,18.3287,17.7117,17.2822,16.9413,17.9052,17.494,17.3402,17.3226,244.067,35.7195,0.0629095,0.0482576,0.036569,0.0267043,0.0562492,0.0398177,0.0294367,0.0232478
CFA3S,18.2989,17.6943,17.2815,16.8946,17.9053,17.5071,17.3536,17.3355,244.044,35.7418,0.058067,0.0445429,0.0337541,0.0246486,0.0519193,0.0367527,0.0271708,0.0214583
CFA3S,18.0726,17.4905,17.0664,16.7217,17.7318,17.3555,17.1917,17.154,198.303,-19.5218,0.332558,0.255104,0.193315,0.141166,0.29735,0.210488,0.155611,0.122895
CFA3S,18.0333,17.4278,16.9737,16.573,17.6765,17.2389,17.0664,16.9972,198.279,-19.499,0.33187,0.254576,0.192914,0.140874,0.296734,0.210052,0.155289,0.12264
CFA3S,17.8157,17.0712,16.5478,16.1238,17.3796,16.8277,16.6211,16.5407,198.245,-19.4679,0.33252,0.255075,0.193293,0.14115,0.297316,0.210464,0.155593,0.122881
CFA3S,17.4738,16.7541,16.2259,15.8284,17.0466,16.5132,16.2996,16.2165,198.185,-19.5707,0.320368,0.245753,0.186229,0.135992,0.28645,0.202773,0.149907,0.11839
CFA3S,18.1926,17.5229,16.9645,16.5747,17.7882,17.2646,17.0162,16.8949,299.171,40.42,1.00794,0.773183,0.585909,0.427855,0.901224,0.637959,0.471635,0.372476
CFA3S,17.7446,16.9509,16.3775,15.9247,17.338,16.6872,16.426,16.308,299.17,40.368,1.02475,0.786077,0.59568,0.43499,0.916253,0.648598,0.4795,0.378688
CFA3S,17.4446,16.7246,16.1733,15.714,17.0144,16.4265,16.2363,16.0676,298.982,40.4187,1.20949,0.927792,0.70307,0.513411,1.08144,0.765528,0.565946,0.446959
CFA3S,16.6729,16.0189,15.5209,15.1223,16.3244,15.8195,15.5915,15.5052,298.978,40.5098,0.97994,0.751707,0.569635,0.415971,0.876192,0.620239,0.458535,0.362131
CFA3S,17.3813,16.6926,16.1899,15.7583,16.9613,16.4546,16.2316,16.1462,298.962,40.5138,0.954144,0.731919,0.55464,0.405021,0.853127,0.603912,0.446465,0.352598
CFA3S,16.5332,15.8026,15.2891,14.7898,16.0774,15.5397,15.3051,15.2031,352.086,22.4721,0.170248,0.130596,0.0989643,0.0722679,0.152223,0.107756,0.0796626,0.062914
CFA3S,18.1792,17.6166,17.2281,16.7768,17.8366,17.492,17.3555,17.3402,352.072,22.4804,0.170592,0.13086,0.0991642,0.0724138,0.152531,0.107974,0.0798235,0.063041
CFA3S,16.7002,16.0596,15.6161,15.2138,16.283,15.8342,15.6658,15.6227,352.039,22.3616,0.170961,0.131143,0.0993788,0.0725706,0.152861,0.108207,0.0799963,0.0631775
CFA3S,16.5382,15.9106,15.4471,14.9998,16.1467,15.6837,15.4884,15.4224,352.036,22.4436,0.170187,0.130549,0.0989287,0.0722419,0.152169,0.107717,0.079634,0.0628913
CFA3S,17.2122,16.4636,15.8801,15.3368,16.7548,16.1367,15.8609,15.7345,352.025,22.5163,0.17191,0.131871,0.0999304,0.0729734,0.153709,0.108808,0.0804403,0.0635281
CFA3S,17.4154,16.9826,16.6497,16.3832,17.4896,17.068,16.8992,16.8366,51.0694,40.5743,0.656794,0.503823,0.381791,0.2788,0.587258,0.415708,0.307328,0.242714
CFA3S,18.6287,17.8969,17.347,16.8935,18.1488,17.5935,17.3693,17.2621,51.0669,40.4962,0.62096,0.476335,0.360961,0.263589,0.555218,0.393028,0.290561,0.229472
CFA3S,17.1311,16.2326,15.608,15.0799,16.5957,15.9045,15.5749,15.424,51.0647,40.6098,0.674196,0.517172,0.391907,0.286187,0.602817,0.426722,0.315471,0.249145
CFA3S,17.8574,17.0386,16.456,15.9846,17.3712,16.7069,16.4764,16.3646,51.0632,40.5994,0.667391,0.511953,0.387952,0.283299,0.596733,0.422416,0.312287,0.24663
CFA3S,17.346,16.4959,15.9043,15.4039,16.8342,16.1678,15.8962,15.7672,51.0578,40.5437,0.641076,0.491766,0.372655,0.272128,0.573204,0.40576,0.299973,0.236906
CFA3S,16.802,15.7879,15.0783,14.4839,16.2099,15.398,15.0035,14.814,51.0517,40.6335,0.691663,0.530572,0.402061,0.293602,0.618436,0.437778,0.323644,0.2556
CFA3S,18.1547,17.3276,16.767,16.2862,17.6618,17.0409,16.7723,16.6504,51.0481,40.5266,0.632262,0.485005,0.367531,0.268387,0.565323,0.400181,0.295849,0.233649
CFA3S,18.0131,17.1226,16.481,15.9426,17.4767,16.7739,16.4347,16.2766,51.045,40.6437,0.696437,0.534234,0.404836,0.295628,0.622704,0.4408,0.325878,0.257364
CFA3S,17.9824,17.1359,16.538,16.0399,17.4809,16.7838,16.5162,16.3959,51.0444,40.5817,0.657329,0.504234,0.382102,0.279027,0.587736,0.416047,0.307578,0.242912
CFA3S,17.0521,16.3153,15.7864,15.3309,16.6158,16.0609,15.8163,15.7476,50.9962,40.6227,0.678496,0.520471,0.394407,0.288012,0.606662,0.429444,0.317483,0.250734
CFA3S,17.7774,16.9679,16.3796,15.8895,17.2634,16.6013,16.3422,16.2425,50.9938,40.605,0.668467,0.512777,0.388577,0.283755,0.597695,0.423096,0.31279,0.247028
CFA3S,16.2764,15.6273,15.1607,14.7603,15.8583,15.3997,15.2159,15.148,50.9761,40.4964,0.616073,0.472586,0.35812,0.261515,0.550848,0.389934,0.288274,0.227666
CFA3S,18.3218,17.6743,17.1504,16.7569,17.9658,17.5654,17.314,17.29,50.958,40.6014,0.652268,0.500352,0.379161,0.276879,0.583211,0.412844,0.30521,0.241041
CFA3S,18.3494,17.7643,17.3384,16.9503,17.9648,17.621,17.375,17.3667,50.9114,40.4942,0.597095,0.458029,0.347089,0.253459,0.53388,0.377923,0.279394,0.220653
CFA3S,16.2104,15.5733,15.1144,14.7283,15.8407,15.3499,15.1747,15.1133,50.8913,40.5807,0.607196,0.465777,0.35296,0.257746,0.542911,0.384316,0.28412,0.224385
CFA3S,17.4657,16.4729,15.73,15.1325,16.8825,16.0399,15.6405,15.4505,50.8828,40.5852,0.602678,0.462311,0.350334,0.255829,0.538871,0.381456,0.282006,0.222716
CFA3S,17.2558,16.5383,16.025,15.6209,16.8171,16.2629,16.0523,15.9652,50.8743,40.503,0.576407,0.442159,0.335063,0.244677,0.515381,0.364828,0.269713,0.213007
CFA3S,17.4475,16.8762,16.474,16.108,17.0868,16.7095,16.574,16.5337,27.5359,32.5891,0.15862,0.121677,0.0922053,0.0673322,0.141827,0.100396,0.0742219,0.0586171
CFA3S,16.9058,16.3032,15.882,15.5197,16.5337,16.1221,15.9749,15.9303,27.5229,32.7087,0.154293,0.118358,0.0896899,0.0654953,0.137958,0.0976576,0.0721971,0.057018
CFA3S,17.2325,16.5575,16.1046,15.7216,16.8097,16.3388,16.1705,16.1259,27.5197,32.5946,0.157161,0.120557,0.0913569,0.0667126,0.140522,0.0994727,0.073539,0.0580778
CFA3S,17.1819,16.3989,15.843,15.3954,16.7084,16.1089,15.887,15.7752,27.5027,32.6716,0.153519,0.117764,0.0892401,0.0651668,0.137266,0.0971678,0.071835,0.0567321
CFA3S,17.216,16.4642,15.9505,15.543,16.7018,16.1453,15.9498,15.8784,27.4743,32.5417,0.158416,0.12152,0.0920863,0.0672453,0.141644,0.100267,0.0741261,0.0585415
CFA3S,15.5682,14.9902,14.6313,14.3607,15.1848,14.8484,14.7342,14.7162,27.3999,32.7009,0.153568,0.117802,0.0892687,0.0651877,0.13731,0.097199,0.071858,0.0567503
CFA3S,16.8578,16.0962,15.6103,15.2457,16.3646,15.8561,15.6373,15.5583,27.3499,32.6042,0.165317,0.126813,0.0960978,0.0701746,0.147814,0.104635,0.0773552,0.0610917
CFA3S,16.7399,16.0995,15.6322,15.2387,16.3622,15.8839,15.6939,15.6283,29.5653,36.2608,0.318082,0.243999,0.1849,0.135021,0.284406,0.201325,0.148837,0.117545
CFA3S,16,15.2612,14.7489,14.3294,15.5668,15.0042,14.7909,14.714,29.5644,36.3952,0.300371,0.230413,0.174605,0.127504,0.268571,0.190116,0.14055,0.111
CFA3S,16.7859,15.9505,15.3815,14.927,16.2945,15.6541,15.3918,15.2974,29.5551,36.3886,0.301729,0.231454,0.175393,0.12808,0.269784,0.190975,0.141185,0.111502
CFA3S,17.2346,16.3348,15.6868,15.1853,16.7265,15.9702,15.6696,15.5307,29.5534,36.2728,0.316932,0.243117,0.184231,0.134533,0.283378,0.200598,0.148299,0.11712
CFA3S,18.4686,17.9015,17.4798,17.088,18.0962,17.708,17.5192,17.469,29.5242,36.2701,0.317253,0.243363,0.184418,0.134669,0.283664,0.2008,0.148449,0.117239
CFA3S,18.1572,17.5278,17.0941,16.684,17.7695,17.3214,17.1182,17.0368,29.5001,36.3654,0.305777,0.23456,0.177747,0.129798,0.273404,0.193537,0.14308,0.112998
CFA3S,16.7213,15.8705,15.2832,14.7903,16.2153,15.558,15.2569,15.1134,29.4835,36.3234,0.309997,0.237797,0.1802,0.131589,0.277177,0.196208,0.145054,0.114557
CFA3S,17.9156,17.0772,16.4422,15.8894,17.43,16.7465,16.3957,16.2128,29.4756,36.3989,0.302249,0.231854,0.175696,0.128301,0.270249,0.191304,0.141429,0.111694
CFA3S,17.5096,16.8692,16.4139,16.0157,17.098,16.6451,16.4656,16.3955,29.4652,36.2705,0.316546,0.242821,0.184007,0.13437,0.283033,0.200353,0.148119,0.116978
CFA3S,16.1926,15.5368,15.0758,14.6773,16.0175,15.325,15.1288,15.0499,29.4494,36.3698,0.305323,0.234212,0.177483,0.129606,0.272998,0.19325,0.142867,0.11283
CFA3S,16.0236,15.4036,14.9762,14.6455,15.6552,15.2169,15.0646,15.0325,29.4486,36.4327,0.29816,0.228717,0.173319,0.126565,0.266593,0.188716,0.139516,0.110183
CFA3S,16.355,15.8562,15.4739,15.142,16.0434,15.6939,15.5611,15.5316,29.439,36.3475,0.306799,0.235344,0.178341,0.130232,0.274317,0.194184,0.143558,0.113375
CFA3S,17.1136,16.2028,15.5441,15.1336,16.5842,15.8205,15.5091,15.3807,29.4292,36.3159,0.309946,0.237758,0.18017,0.131568,0.277132,0.196176,0.145031,0.114539
CFA3S,15.8742,15.2848,14.8655,14.5096,15.5065,15.0959,14.9385,14.9014,29.4161,36.3575,0.306028,0.234752,0.177893,0.129905,0.273628,0.193696,0.143197,0.113091
CFA3S,17.8119,17.0708,16.5635,16.149,17.3533,16.8001,16.5912,16.5094,29.3879,36.3477,0.306632,0.235216,0.178244,0.130161,0.274169,0.194079,0.14348,0.113314
CFA3S,15.9942,15.3177,14.8343,14.4466,15.5637,15.0662,14.8634,14.7952,29.3729,36.2621,0.318404,0.244246,0.185087,0.135158,0.284694,0.201529,0.148988,0.117664
CFA3S,17.5161,16.7526,16.2172,15.81,17.0252,16.4604,16.2411,16.1493,29.3396,36.3687,0.306733,0.235293,0.178303,0.130204,0.274259,0.194142,0.143527,0.113351
CFA3S,17.9689,17.1862,16.6232,16.1266,17.4859,16.8929,16.639,16.532,311.887,0.320382,0.331518,0.254306,0.19271,0.140725,0.29642,0.20983,0.155124,0.12251
CFA3S,17.0973,16.1239,15.4789,15.0086,16.4691,15.6859,15.3884,15.2745,311.875,0.40299,0.333222,0.255613,0.1937,0.141448,0.297943,0.210908,0.155922,0.12314
CFA3S,17.5979,16.8585,16.3508,15.9369,17.1443,16.6012,16.3916,16.3239,311.855,0.269474,0.327355,0.251112,0.19029,0.138958,0.292697,0.207194,0.153176,0.120972
CFA3S,15.8629,15.2755,14.8518,14.4809,15.4937,15.0826,14.9274,14.8887,311.842,0.358533,0.348229,0.267125,0.202424,0.147818,0.311361,0.220406,0.162944,0.128686
CFA3S,16.754,16.0429,15.5599,15.183,16.3062,15.7944,15.6134,15.5651,311.84,0.250069,0.324171,0.24867,0.188439,0.137606,0.289851,0.20518,0.151687,0.119795
CFA3S,16.8079,16.0212,15.4882,15.0793,16.3301,15.7495,15.5468,15.4729,311.825,0.342352,0.356531,0.273494,0.20725,0.151343,0.318785,0.225662,0.166829,0.131754
CFA3S,16.5952,15.8885,15.3961,15.0032,16.1709,15.6695,15.4708,15.4169,311.803,0.387494,0.346522,0.265815,0.201431,0.147094,0.309835,0.219326,0.162145,0.128055
CFA3S,18.2003,17.5412,17.0992,16.7283,17.7737,17.3222,17.1647,17.109,311.78,0.244098,0.337693,0.259043,0.1963,0.143346,0.301941,0.213738,0.158014,0.124792
CFA3S,15.8129,15.1972,14.7562,14.3906,15.4058,14.973,14.8039,14.7609,311.758,0.23683,0.337705,0.259052,0.196307,0.143351,0.301952,0.213746,0.15802,0.124797
CFA3S,17.495,16.8289,16.3589,15.9543,17.0862,16.5943,16.3995,16.3282,311.757,0.324511,0.362722,0.278242,0.210849,0.153971,0.32432,0.22958,0.169725,0.134042
CFA3S,18.0256,17.4029,16.9609,16.5706,17.6237,17.174,17.0045,16.9614,311.747,0.303998,0.364068,0.279275,0.211631,0.154542,0.325524,0.230432,0.170356,0.134539
CFA3S,17.1146,16.1925,15.5375,15.0182,16.5714,15.8065,15.4939,15.3501,311.74,0.321144,0.362623,0.278166,0.210791,0.153929,0.324231,0.229517,0.169679,0.134005
CFA3S,16.6671,15.9924,15.5073,15.0816,16.2668,15.769,15.5527,15.4924,133.599,-7.25041,0.121271,0.0930266,0.0704945,0.051478,0.108432,0.0767569,0.0567455,0.044815
CFA3S,16.9635,16.1695,15.6166,15.1816,16.484,15.8738,15.6526,15.579,133.589,-7.17555,0.12847,0.098549,0.0746793,0.0545339,0.114869,0.0813135,0.0601141,0.0474754
CFA3S,15.632,15.186,14.8646,14.5676,15.3563,15.0745,14.9926,15.0037,133.583,-7.15349,0.128036,0.098216,0.0744269,0.0543496,0.114481,0.0810387,0.0599109,0.047315
CFA3S,17.6285,16.8365,16.2876,15.842,17.1678,16.5413,16.3076,16.2257,133.578,-7.17931,0.128754,0.0987669,0.0748444,0.0546545,0.115123,0.0814933,0.060247,0.0475804
CFA3S,16.8855,16.177,15.6986,15.296,16.4111,15.9133,15.728,15.6762,133.574,-7.11737,0.126655,0.0971566,0.0736241,0.0537634,0.113246,0.0801646,0.0592647,0.0468046
CFA3S,16.7035,16.201,15.8346,15.4995,16.3846,16.0243,15.9224,15.9132,133.565,-7.11289,0.126853,0.097308,0.0737388,0.0538472,0.113422,0.0802895,0.059357,0.0468775
CFA3S,15.7665,15.146,14.7341,14.3826,15.375,14.9421,14.7933,14.7797,133.537,-7.2679,0.121474,0.093182,0.0706122,0.051564,0.108613,0.0768852,0.0568403,0.0448899
CFA3S,17.7075,16.993,16.4911,16.0736,17.226,16.7038,16.5009,16.4465,133.521,-7.19444,0.131551,0.100912,0.0764701,0.0558417,0.117624,0.0832634,0.0615556,0.0486139
CFA3S,18.3275,17.7645,17.3606,16.9526,17.9691,17.5431,17.3852,17.3485,133.512,-7.13619,0.131535,0.1009,0.0764608,0.0558349,0.117609,0.0832533,0.0615482,0.048608
CFA3S,16.7595,16.2425,15.8741,15.5491,16.4277,16.0736,15.9679,15.9586,133.512,-7.12221,0.129874,0.0996256,0.0754951,0.0551297,0.116124,0.0822018,0.0607708,0.047994
CFA3S,17.382,16.661,16.1536,15.7526,17.0187,16.4211,16.1804,16.0882,133.502,-7.19517,0.132097,0.101331,0.0767872,0.0560732,0.118111,0.0836087,0.0618109,0.0488155
CFA3S,16.1265,15.6055,15.2401,14.9146,15.8132,15.4474,15.3351,15.3094,133.499,-7.16614,0.134352,0.103061,0.078098,0.0570305,0.120128,0.085036,0.0628661,0.0496488
CFA3S,16.988,16.277,15.8121,15.4475,16.5407,16.0253,15.8495,15.8065,133.452,-7.2201,0.126678,0.0971744,0.0736376,0.0537733,0.113267,0.0801793,0.0592756,0.0468132
CFA3S,17.131,16.543,16.1326,15.792,16.7422,16.3421,16.2009,16.1639,133.429,-7.22635,0.1243,0.0953503,0.0722553,0.0527639,0.111141,0.0786742,0.0581629,0.0459344
CFA3S,17.6957,16.9381,16.4212,16.0032,17.2577,16.7027,16.4762,16.3994,34.6952,37.3954,0.152338,0.116857,0.0885532,0.0646653,0.136209,0.0964199,0.0712821,0.0562954
CFA3S,16.9564,16.3503,15.9102,15.5352,16.629,16.1893,16.002,15.9339,34.6927,37.4316,0.151047,0.115867,0.0878027,0.0641172,0.135055,0.0956028,0.070678,0.0558183
CFA3S,18.2942,17.5896,17.076,16.6427,17.8958,17.3807,17.1347,17.0526,34.6883,37.4046,0.152339,0.116858,0.088554,0.0646658,0.136211,0.0964208,0.0712827,0.0562959
CFA3S,18.1233,17.5674,17.148,16.803,17.7761,17.3882,17.2352,17.168,34.6833,37.5122,0.149256,0.114493,0.0867618,0.0633571,0.133454,0.0944694,0.0698401,0.0551566
CFA3S,17.7115,17.0101,16.558,16.2117,17.2443,16.7708,16.5893,16.528,34.6757,37.3856,0.153502,0.117751,0.0892302,0.0651596,0.137251,0.0971571,0.071827,0.0567258
CFA3S,15.6895,15.0831,14.6715,14.3255,15.32,14.9095,14.7724,14.741,34.6655,37.4931,0.15015,0.115179,0.0872813,0.0637365,0.134253,0.0950351,0.0702583,0.0554868
CFA3S,17.9563,17.4504,17.0733,16.7183,17.65,17.2917,17.1617,17.1137,34.6566,37.4385,0.15261,0.117066,0.0887115,0.0647808,0.136453,0.0965923,0.0714095,0.056396
CFA3S,16.6428,16.0084,15.5585,15.185,16.2613,15.7948,15.6272,15.5755,34.6308,37.4678,0.152482,0.116968,0.0886372,0.0647266,0.136338,0.0965113,0.0713497,0.0563488
CFA3S,16.4782,15.9251,15.5152,15.1714,16.1407,15.7614,15.6175,15.5909,34.6281,37.5539,0.150916,0.115767,0.0877267,0.0640617,0.134938,0.0955201,0.0706168,0.05577
CFA3S,15.5793,15.1001,14.7477,14.4307,15.2582,14.968,14.8527,14.8484,34.6279,37.3913,0.155332,0.119154,0.0902938,0.0659363,0.138887,0.0983151,0.0726832,0.0574019
CFA3S,16.3963,15.4824,14.8388,14.3455,15.8699,15.1255,14.8306,14.7045,34.6269,37.543,0.151386,0.116127,0.0879999,0.0642612,0.135358,0.0958175,0.0708367,0.0559437
CFA3S,17.2301,16.3359,15.702,15.211,16.6953,15.9666,15.6746,15.5629,34.6228,37.3986,0.155261,0.1191,0.0902526,0.0659063,0.138823,0.0982703,0.0726501,0.0573758
CFA3S,16.3148,15.3666,14.75,14.2375,15.7527,15.0387,14.7246,14.5767,34.6177,37.5095,0.153154,0.117484,0.0890277,0.0650117,0.136939,0.0969365,0.071664,0.056597
CFA3S,16.4062,15.4896,14.8475,14.363,15.8617,15.1306,14.8266,14.7257,34.5758,37.5,0.154619,0.118607,0.0898791,0.0656335,0.138249,0.0978637,0.0723494,0.0571383
CFA3S,18.4795,17.9478,17.5687,17.2437,18.162,17.7937,17.6662,17.635,34.5674,37.5318,0.15351,0.117756,0.0892344,0.0651627,0.137257,0.0971617,0.0718304,0.0567285
CFA3S,16.7895,16.2779,15.9065,15.579,16.4631,16.1298,15.9928,15.9867,34.5507,37.4775,0.155148,0.119013,0.0901868,0.0658582,0.138722,0.0981987,0.0725971,0.0573339
CFA3S,17.633,17.0731,16.688,16.3532,17.2657,16.9003,16.7671,16.7566,34.5398,37.4028,0.157091,0.120504,0.0913162,0.0666829,0.140459,0.0994284,0.0735062,0.0580519
CFA3S,16.1962,15.6988,15.3389,15.0218,15.8872,15.5678,15.4405,15.4316,34.4905,37.4872,0.154922,0.11884,0.0900554,0.0657622,0.13852,0.0980556,0.0724913,0.0572504
CFA3S,16.3546,15.8155,15.426,15.1208,15.9902,15.6307,15.5034,15.4925,34.4835,37.4104,0.157835,0.121074,0.0917485,0.0669986,0.141124,0.0998991,0.0738542,0.0583267
CFA3S,18.5923,17.9189,17.6068,17.2483,18.0985,17.7064,17.5475,17.5256,34.4777,37.4267,0.157106,0.120515,0.0913248,0.0666892,0.140473,0.0994378,0.0735131,0.0580574
CFA3S,16.8228,16.1869,15.7367,15.3623,16.4468,15.9754,15.8153,15.7632,34.4714,37.5562,0.151852,0.116485,0.088271,0.0644592,0.135775,0.0961127,0.0710549,0.056116
CFA3S,18.3568,17.8299,17.4538,17.1263,18.0304,17.6597,17.5223,17.5042,34.4648,37.4167,0.157593,0.120889,0.0916083,0.0668962,0.140909,0.0997465,0.0737413,0.0582376
CFA3S,18.1125,17.4272,16.9423,16.4825,17.7309,17.2288,16.9898,16.88,1.78013,8.57694,0.475811,0.364992,0.276587,0.201975,0.425436,0.301157,0.222642,0.175833
CFA3S,17.952,17.0227,16.3688,15.879,17.4433,16.6595,16.3789,16.2571,1.7669,8.55327,0.480905,0.3689,0.279548,0.204138,0.429991,0.304382,0.225026,0.177716
CFA3S,18.541,17.9457,17.4304,17.015,18.1973,17.698,17.4851,17.4179,1.74372,8.62778,0.390082,0.29923,0.226753,0.165585,0.348783,0.246897,0.182528,0.144152
CFA3S,17.844,16.9922,16.3924,15.896,17.339,16.6721,16.3696,16.2348,1.70282,8.60574,0.373473,0.286489,0.217098,0.158534,0.333933,0.236385,0.174756,0.138015
CFA3S,16.9215,16.0562,15.4658,15.017,16.4122,15.7402,15.4884,15.3936,1.6732,8.6887,0.352156,0.270137,0.204707,0.149486,0.314873,0.222892,0.164782,0.130137
CFA3S,17.9345,17.1727,16.6618,16.2605,17.4738,16.9258,16.7088,16.6363,1.65903,8.56137,0.367215,0.281689,0.213461,0.155878,0.328337,0.232424,0.171828,0.135702
CFA3S,17.6364,17.0817,16.7005,16.3439,17.3041,16.9297,16.7973,16.7788,20.3954,40.4813,0.19001,0.145756,0.110452,0.0806568,0.169894,0.120264,0.0889099,0.0702171
CFA3S,17.7627,17.0305,16.5378,16.1059,17.3184,16.7788,16.5639,16.4976,20.3642,40.5477,0.179448,0.137654,0.104313,0.0761734,0.16045,0.113579,0.0839678,0.066314
CFA3S,17.6112,16.7391,16.1161,15.6303,17.0898,16.378,16.1128,16.0099,20.356,40.4336,0.187004,0.14345,0.108705,0.0793807,0.167206,0.118362,0.0875033,0.0691062
CFA3S,18.3261,17.85,17.443,17.0847,18.0125,17.6837,17.5692,17.5612,20.3516,40.4435,0.186684,0.143204,0.108519,0.0792449,0.16692,0.118159,0.0873535,0.0689879
CFA3S,18.3552,17.7915,17.3833,17.0129,18.0202,17.6189,17.4884,17.4672,20.3422,40.5678,0.17428,0.13369,0.101308,0.0739796,0.155829,0.110308,0.0815495,0.0644042
CFA3S,16.9564,16.089,15.462,15.0026,16.3849,15.6658,15.4087,15.3108,20.3338,40.5274,0.183173,0.140511,0.106478,0.0777546,0.16378,0.115937,0.0857108,0.0676906
CFA3S,17.7587,16.961,16.3763,15.9217,17.2974,16.6472,16.3953,16.3055,20.3169,40.5147,0.182879,0.140286,0.106307,0.0776297,0.163517,0.115751,0.0855731,0.0675818
CFA3S,18.1984,17.7195,17.374,17.0421,17.878,17.5774,17.4542,17.4347,20.2466,40.4198,0.17876,0.137126,0.103912,0.0758811,0.159834,0.113143,0.0836456,0.0660595
CFA3S,17.8609,17.3362,16.9406,16.5843,17.5065,17.1329,17.0172,16.9722,99.4118,49.8675,0.402565,0.308806,0.234009,0.170883,0.359945,0.254798,0.188369,0.148765
CFA3S,17.0346,16.1709,15.588,15.0938,16.4916,15.8343,15.552,15.4291,99.3796,49.841,0.40286,0.309032,0.234181,0.171009,0.360209,0.254985,0.188507,0.148874
CFA3S,18.3039,17.5159,16.9875,16.5778,17.8059,17.2174,17.0104,16.9308,99.2662,49.9075,0.400704,0.307378,0.232928,0.170094,0.358281,0.25362,0.187498,0.148078
CFA3S,15.7624,15.1859,14.7748,14.4173,15.3965,14.9928,14.8529,14.8204,99.266,49.8946,0.401518,0.308003,0.233401,0.170439,0.359009,0.254135,0.187879,0.148378
CFA3S,17.0789,16.2972,15.7621,15.3418,16.5956,16.0168,15.786,15.7081,99.2314,49.9242,0.395918,0.303707,0.230146,0.168062,0.354002,0.250591,0.185259,0.146309
CFA3S,16.4052,15.6281,15.0738,14.6459,15.9403,15.3243,15.1092,15.023,144.765,-4.87531,0.204622,0.156965,0.118946,0.0868594,0.182959,0.129513,0.0957472,0.0756169
CFA3S,16.7284,15.9699,15.4398,15.0323,16.2709,15.6784,15.4988,15.421,144.751,-4.8488,0.222217,0.170462,0.129174,0.0943282,0.198691,0.140649,0.10398,0.082119
CFA3S,17.2022,16.5635,16.131,15.8035,16.7523,16.3008,16.1675,16.1086,144.703,-4.82401,0.219731,0.168555,0.127729,0.0932729,0.196468,0.139076,0.102817,0.0812002
CFA3S,15.663,15.0559,14.643,14.3095,15.25,14.8414,14.703,14.6833,144.698,-4.86397,0.217489,0.166835,0.126425,0.0923212,0.194463,0.137657,0.101768,0.0803717
CFA3S,18.1231,17.5106,17.0619,16.6918,17.7439,17.2919,17.1523,17.0976,233.177,68.2025,0.0973824,0.0747016,0.056608,0.0413375,0.0870724,0.0616368,0.0455673,0.0359871
CFA3S,17.5667,16.8412,16.3461,15.9284,17.1133,16.572,16.398,16.3138,233.153,68.1885,0.0988549,0.0758311,0.0574639,0.0419626,0.088389,0.0625688,0.0462564,0.0365312
CFA3S,18.1217,17.7789,17.4327,17.2274,18.1701,17.776,17.6161,17.5682,260.764,62.1802,0.100187,0.0768531,0.0582384,0.0425281,0.0895802,0.0634121,0.0468798,0.0370236
CFA3S,16.9473,16.3571,15.9591,15.6901,16.4683,16.0877,15.9467,15.9165,260.755,62.1973,0.101397,0.0777811,0.0589416,0.0430416,0.0906618,0.0641777,0.0474458,0.0374706
CFA3S,17.2541,16.7118,16.314,15.9613,16.9059,16.5373,16.3899,16.3546,260.748,62.2187,0.0995066,0.0763311,0.0578428,0.0422392,0.0889717,0.0629813,0.0465613,0.036772
CFA3S,15.9887,15.4705,15.1005,14.7803,15.6563,15.322,15.2064,15.1894,260.721,62.2284,0.0993754,0.0762304,0.0577665,0.0421835,0.0888543,0.0628982,0.0464999,0.0367236
CFA3S,17.3093,16.5313,15.9963,15.5633,16.8142,16.2388,16.002,15.8977,260.681,62.1921,0.104854,0.0804327,0.060951,0.0445089,0.0937526,0.0663656,0.0490633,0.038748
CFA3S,16.8794,16.0706,15.4866,15.0139,16.4005,15.7591,15.4742,15.3493,260.654,62.2503,0.0951379,0.0729798,0.0553032,0.0403847,0.0850654,0.0602162,0.0445171,0.0351576
CFA3S,15.5468,14.9978,14.6038,14.2811,15.2146,14.8151,14.6765,14.6506,260.645,62.1387,0.100213,0.076873,0.0582535,0.0425391,0.0896034,0.0634285,0.0468919,0.0370331
CFA3S,18.6909,18.0374,17.53,17.1255,18.2834,17.7931,17.56,17.4624,146.79,16.123,0.156648,0.120164,0.0910587,0.0664949,0.140063,0.099148,0.0732989,0.0578882
CFA3S,16.7391,16.1469,15.7155,15.3475,16.3789,15.9587,15.7875,15.7581,146.762,16.0916,0.160512,0.123128,0.0933052,0.0681354,0.143519,0.101594,0.0751073,0.0593164
CFA3S,17.5029,16.9719,16.575,16.2715,17.1504,16.7985,16.6504,16.6387,146.758,16.0305,0.155891,0.119583,0.0906186,0.0661735,0.139386,0.0986688,0.0729447,0.0576084
CFA3S,16.208,15.6762,15.307,14.9963,15.8645,15.5174,15.4177,15.4167,146.744,16.1179,0.161258,0.1237,0.0937385,0.0684518,0.144185,0.102066,0.075456,0.0595918
CFA3S,17.3729,16.7407,16.279,15.8946,16.971,16.5093,16.3231,16.2909,146.698,16.1074,0.165895,0.127257,0.0964342,0.0704203,0.148332,0.105001,0.077626,0.0613056
CFA3S,16.9274,16.3224,15.897,15.537,16.5503,16.1227,15.9448,15.9296,146.688,16.0439,0.16676,0.127921,0.0969367,0.0707873,0.149105,0.105548,0.0780305,0.061625
CFA3S,17.0146,16.2804,15.7777,15.3625,16.5697,16.0111,15.8018,15.7357,146.651,16.0374,0.158313,0.121441,0.0920269,0.0672019,0.141552,0.100202,0.0740783,0.0585037
CFA3S,16.9464,16.2341,15.7308,15.3261,16.5084,15.9738,15.7827,15.7244,142.124,27.515,0.0773309,0.0593201,0.0449521,0.0328259,0.0691437,0.0489455,0.0361848,0.0285771
CFA3S,18.0805,17.5678,17.1598,16.8105,17.7575,17.3819,17.2324,17.168,142.014,27.5186,0.0763277,0.0585506,0.044369,0.0324001,0.0682467,0.0483105,0.0357154,0.0282064
CFA3S,18.3739,17.9612,17.6577,17.3396,18.1199,17.8701,17.8057,17.8072,195.304,39.818,0.047706,0.036595,0.0277313,0.0202505,0.0426552,0.0301948,0.0223227,0.0176294
CFA3S,16.9003,16.0506,15.4507,14.9813,16.3994,15.7064,15.4567,15.3635,195.287,39.892,0.04736,0.0363296,0.0275302,0.0201037,0.0423459,0.0299758,0.0221608,0.0175016
CFA3S,16.0099,15.3599,14.919,14.5413,15.6057,15.1521,15.0035,14.9637,195.26,39.924,0.0487594,0.0374031,0.0283436,0.0206977,0.0435971,0.0308616,0.0228156,0.0180187
CFA3S,17.2205,16.5392,16.056,15.6506,16.7912,16.2797,16.0995,16.0442,195.184,39.8532,0.0564515,0.0433037,0.032815,0.0239629,0.0504749,0.0357302,0.0264149,0.0208613
CFA3S,17.3646,16.8395,16.4393,16.1015,17.0435,16.6692,16.5165,16.4895,153.61,3.47623,0.107533,0.0824877,0.0625082,0.0456461,0.0961478,0.0680612,0.0503168,0.039738
CFA3S,17.797,17.078,16.5722,16.1425,17.3375,16.8063,16.5856,16.5051,153.579,3.53765,0.1069,0.0820025,0.0621405,0.0453776,0.0955823,0.0676608,0.0500208,0.0395042
CFA3S,17.1745,16.635,16.2413,15.9015,16.8206,16.4551,16.3243,16.2836,153.576,3.54167,0.106759,0.0818942,0.0620585,0.0453177,0.0954561,0.0675715,0.0499548,0.0394521
CFA3S,16.5341,15.88,15.4037,15.0345,16.1517,15.645,15.468,15.4036,153.566,3.43342,0.106647,0.0818081,0.0619932,0.04527,0.0953557,0.0675004,0.0499023,0.0394106
CFA3S,18.0195,17.5645,17.1757,16.8965,17.7152,17.4249,17.2779,17.2828,153.561,3.39503,0.105017,0.0805581,0.061046,0.0445783,0.0938987,0.0664691,0.0491398,0.0388084
CFA3S,17.1866,16.535,16.0668,15.7175,16.7758,16.2847,16.1164,16.072,153.514,3.42626,0.107135,0.0821825,0.062277,0.0454772,0.0957922,0.0678094,0.0501307,0.039591
CFA3S,17.143,16.686,16.3362,16.054,16.8389,16.56,16.4615,16.4511,153.49,3.50175,0.107848,0.0827296,0.0626915,0.04578,0.0964299,0.0682608,0.0504644,0.0398545
CFA3S,16.9738,16.4406,16.0463,15.708,16.6134,16.2385,16.1254,16.1105,109.539,9.67681,0.245348,0.188205,0.14262,0.104147,0.219372,0.155289,0.114804,0.0906667
CFA3S,17.3568,16.8236,16.4243,16.064,17.0139,16.6444,16.5246,16.4858,109.536,9.77004,0.246317,0.188949,0.143183,0.104558,0.220239,0.155903,0.115257,0.091025
CFA3S,17.2828,16.8356,16.5043,16.185,16.9852,16.7129,16.6263,16.6202,109.531,9.77706,0.246376,0.188994,0.143217,0.104583,0.220292,0.15594,0.115285,0.0910467
CFA3S,16.4968,16.0266,15.6733,15.315,16.183,15.8791,15.7713,15.765,109.525,9.67932,0.245636,0.188426,0.142787,0.104269,0.21963,0.155472,0.114938,0.0907733
CFA3S,16.4478,15.7846,15.3093,14.894,16.0384,15.5502,15.3549,15.2923,109.52,9.76739,0.244312,0.18741,0.142017,0.103707,0.218446,0.154634,0.114319,0.0902839
CFA3S,16.9958,16.5436,16.1593,15.831,16.6857,16.3675,16.2557,16.2372,109.515,9.66782,0.247208,0.189632,0.143701,0.104937,0.221036,0.156467,0.115674,0.0913542
CFA3S,16.9658,16.3266,15.8983,15.483,16.5458,16.136,15.959,15.9352,109.477,9.73616,0.23915,0.183451,0.139017,0.101516,0.213831,0.151367,0.111903,0.0883763
CFA3S,17.3788,16.7276,16.2643,15.83,16.956,16.4932,16.278,16.1953,109.476,9.69114,0.243449,0.186748,0.141516,0.103341,0.217674,0.154087,0.113915,0.0899649
CFA3S,16.9428,16.3526,15.9133,15.544,16.553,16.1418,15.9817,15.9409,109.469,9.64193,0.254622,0.195319,0.14801,0.108083,0.227664,0.161159,0.119143,0.0940938
CFA3S,16.1758,15.7146,15.3783,15.057,15.8561,15.5701,15.4905,15.4863,109.467,9.67485,0.2464,0.189012,0.143231,0.104593,0.220313,0.155955,0.115296,0.0910555
CFA3S,16.5658,15.9856,15.6053,15.243,16.1854,15.8039,15.6746,15.6514,109.458,9.68714,0.244173,0.187304,0.141937,0.103648,0.218322,0.154546,0.114254,0.0902325
CFA3S,16.5038,15.8166,15.3383,14.91,16.0765,15.5676,15.3726,15.3025,109.451,9.71807,0.23902,0.183351,0.138941,0.101461,0.213715,0.151284,0.111843,0.0883283
CFA3S,17.2748,16.6746,16.2303,15.873,16.8689,16.4401,16.3045,16.2693,109.451,9.62334,0.259819,0.199306,0.151032,0.11029,0.232312,0.164449,0.121575,0.0960146
CFA3S,16.4878,15.7166,15.1953,14.744,16.0178,15.4596,15.2077,15.1318,109.447,9.78166,0.237602,0.182264,0.138117,0.100859,0.212447,0.150387,0.111179,0.0878044
CFA3S,15.7458,15.2536,14.9023,14.577,15.4156,15.112,15.0044,15.0014,109.447,9.71074,0.239617,0.183809,0.139288,0.101714,0.214248,0.151662,0.112122,0.088549
CFA3S,17.2538,16.7046,16.3033,15.983,16.8866,16.524,16.4088,16.3897,109.437,9.68094,0.245784,0.18854,0.142873,0.104332,0.219762,0.155565,0.115008,0.0908278
CFA3S,16.8708,16.4116,16.0493,15.705,16.5519,16.2534,16.1581,16.1415,109.406,9.70179,0.241557,0.185298,0.140416,0.102538,0.215983,0.15289,0.11303,0.089266
CFA3S,17.9119,17.2361,16.7865,16.3824,17.4946,17.0145,16.8275,16.7786,218.705,59.4083,0.0373875,0.0286798,0.0217332,0.0158705,0.0334292,0.0236639,0.0174944,0.0138163
CFA3S,16.9831,16.343,15.8689,15.5308,16.5162,16.073,15.9152,15.8738,218.695,59.3814,0.0372901,0.0286051,0.0216766,0.0158291,0.0333421,0.0236022,0.0174488,0.0137803
CFA3S,17.8373,17.05,16.5131,16.0523,17.3504,16.7593,16.4935,16.3986,218.642,59.3555,0.0356525,0.0273489,0.0207247,0.015134,0.0318779,0.0225658,0.0166826,0.0131752
CFA3S,17.3654,16.8058,16.3812,16.0346,16.9993,16.6326,16.461,16.4395,218.638,59.4077,0.0355238,0.0272502,0.0206499,0.0150794,0.0317629,0.0224843,0.0166224,0.0131276
CFA3S,17.4992,16.8801,16.4475,16.0909,17.1053,16.6586,16.5185,16.4874,218.579,59.3819,0.0334251,0.0256403,0.0194299,0.0141885,0.0298864,0.021156,0.0156403,0.012352
CFA3S,17.7292,16.9719,16.3877,15.9283,17.2701,16.6776,16.3993,16.3113,266.136,40.8852,0.139119,0.106717,0.0808692,0.0590541,0.12439,0.0880533,0.0650967,0.0514105
CFA3S,15.6716,15.0463,14.6048,14.2567,15.2697,14.8341,14.6771,14.6421,266.116,40.9376,0.130396,0.100027,0.0757989,0.0553515,0.116591,0.0825326,0.0610153,0.0481872
CFA3S,16.7615,16.1589,15.7194,15.3653,16.3756,15.9619,15.7842,15.7534,266.114,40.8539,0.142815,0.109553,0.0830179,0.0606232,0.127695,0.0903929,0.0668264,0.0527765
CFA3S,17.7159,17.1463,16.7175,16.3874,17.3382,16.9668,16.7981,16.7756,266.015,40.9305,0.13078,0.100321,0.076022,0.0555145,0.116934,0.0827755,0.0611949,0.048329
CFA3S,16.9785,16.2209,15.7084,15.3463,16.5084,15.9509,15.7587,15.7081,265.962,40.9729,0.121887,0.0934987,0.0708522,0.0517393,0.108982,0.0771465,0.0570334,0.0450425
CFA3S,17.7582,17.0089,16.4721,16.0586,17.2839,16.7224,16.4961,16.4078,265.95,40.9155,0.127423,0.0977459,0.0740707,0.0540895,0.113933,0.0806509,0.0596242,0.0470885
CFA3S,17.7636,17.3253,16.9751,16.6827,17.5226,17.197,17.086,17.0668,265.947,40.9314,0.126201,0.0968084,0.0733603,0.0535708,0.11284,0.0798773,0.0590523,0.0466369
CFA3S,16.6337,16.0236,15.5918,15.237,16.2579,15.8377,15.68,15.6484,288.229,77.8305,0.195569,0.15002,0.113684,0.0830166,0.174864,0.123783,0.0915111,0.0722714
CFA3S,16.4582,15.7656,15.2683,14.866,16.0376,15.528,15.3168,15.2377,288.219,77.8912,0.200661,0.153926,0.116643,0.0851779,0.179417,0.127006,0.0938937,0.074153
CFA3S,17.9976,17.267,16.7977,16.425,17.5508,17.0333,16.8443,16.7998,288.161,77.9222,0.203142,0.155829,0.118085,0.0862309,0.181635,0.128576,0.0950544,0.0750697
CFA3S,18.4927,18.0541,17.7008,17.3896,18.2194,17.9175,17.8195,17.813,288.068,77.9421,0.20477,0.157078,0.119032,0.0869219,0.18309,0.129606,0.0958161,0.0756713
CFA3S,16.8077,16.3376,15.9587,15.672,16.4942,16.1654,16.0612,16.0467,288.052,77.9332,0.205677,0.157774,0.119559,0.0873073,0.183902,0.130181,0.0962409,0.0760068
CFA3S,17.4407,16.7441,16.2953,-982.256,17.0277,16.5299,16.3388,16.2853,288.039,77.9455,0.205357,0.157528,0.119373,0.0871711,0.183615,0.129978,0.0960908,0.0758883
CFA3S,17.1851,16.462,15.9647,15.5489,16.7537,16.2214,15.9988,15.9312,287.931,77.906,0.210931,0.161804,0.122613,0.0895372,0.188599,0.133505,0.098699,0.077948
CFA3S,16.7172,15.8461,15.2367,14.7941,16.1996,15.5044,15.2469,15.1436,287.92,77.879,0.210578,0.161534,0.122408,0.0893876,0.188284,0.133283,0.0985341,0.0778179
CFA3S,17.071,16.3125,15.7346,15.2618,16.6515,16.0181,15.749,15.6269,10.4988,-9.32708,0.130252,0.0999155,0.0757148,0.0552901,0.116462,0.082441,0.0609476,0.0481337
CFA3S,16.3649,15.8396,15.4452,15.1007,16.0205,15.6678,15.5428,15.5156,10.4396,-9.35397,0.130447,0.100065,0.0758284,0.0553731,0.116637,0.0825647,0.0610391,0.048206
CFA3S,16.5354,15.9231,15.4817,15.1297,16.1369,15.6966,15.5534,15.5031,10.3813,-9.3612,0.127654,0.0979225,0.0742045,0.0541873,0.114139,0.0807966,0.0597319,0.0471736
CFA3S,17.7709,16.9671,16.4932,16.1052,17.1958,16.6869,16.4899,16.4193,10.3768,-9.27768,0.127848,0.0980715,0.0743175,0.0542697,0.114312,0.0809195,0.0598228,0.0472454
CFA3S,16.0739,15.5341,15.1402,14.8197,15.7161,15.3525,15.2333,15.2073,10.3745,-9.36532,0.127094,0.0974934,0.0738794,0.0539498,0.113639,0.0804425,0.0594702,0.0469669
CFA3S,16.0821,15.5302,15.105,14.709,15.7674,15.3638,15.1983,15.139,1.53171,27.5151,0.235939,0.180987,0.13715,0.100153,0.210959,0.149334,0.110401,0.0871896
CFA3S,17.1241,16.4892,16.043,15.607,16.7534,16.2928,16.1088,16.0426,1.5216,27.4481,0.230515,0.176827,0.133997,0.0978503,0.20611,0.145901,0.107863,0.0851852
CFA3S,18.7661,18.2402,17.783,17.394,18.3985,18.0081,17.8444,17.7981,1.46206,27.546,0.248706,0.190781,0.144572,0.105572,0.222375,0.157415,0.116375,0.0919078
CFA3S,16.6671,15.8892,15.328,14.853,16.2181,15.5923,15.3429,15.2322,1.41263,27.5298,0.260213,0.199608,0.151261,0.110457,0.232664,0.164698,0.121759,0.09616
CFA3S,15.7121,15.1792,14.764,14.515,15.2817,14.9037,14.7397,14.6954,1.35646,27.3834,0.251014,0.192552,0.145913,0.106552,0.224439,0.158876,0.117455,0.0927606
CFA3S,17.0811,16.4772,16.058,15.661,16.7202,16.2893,16.1214,16.0643,1.35315,27.4954,0.256297,0.196604,0.148984,0.108794,0.229162,0.162219,0.119927,0.0947128
CFA3S,16.8293,16.2171,15.7913,15.4145,16.4653,16.0461,15.8644,15.8195,42.5476,12.9376,0.489294,0.375335,0.284425,0.207699,0.437492,0.309692,0.228951,0.180816
CFA3S,18.4844,17.7726,17.2226,16.7655,18.0497,17.4987,17.2532,17.1725,42.5254,12.9082,0.487501,0.37396,0.283382,0.206938,0.435888,0.308557,0.228112,0.180153
CFA3S,18.1409,17.6041,17.1766,16.808,17.8099,17.4202,17.259,17.2187,42.5027,12.9097,0.499256,0.382977,0.290215,0.211927,0.446398,0.315997,0.233612,0.184497
CFA3S,17.5954,16.8526,16.324,15.855,17.1761,16.5933,16.3346,16.24,42.48,12.915,0.518043,0.397389,0.301136,0.219902,0.463197,0.327888,0.242404,0.19144
CFA3S,18.4853,17.7521,17.2745,16.8694,18.0161,17.4991,17.2771,17.1962,42.4609,12.8037,0.505228,0.387558,0.293687,0.214463,0.451739,0.319777,0.236407,0.186704
CFA3S,17.0304,16.4835,16.1055,15.7838,16.6535,16.2987,16.1716,16.1508,146.699,30.5965,0.060101,0.0461032,0.0349364,0.025512,0.053738,0.0380401,0.0281225,0.0222099
CFA3S,17.3594,16.492,15.8998,15.4172,16.8368,16.1718,15.8664,15.7407,146.643,30.7033,0.0710371,0.0544922,0.0412935,0.0301543,0.0635162,0.0449619,0.0332398,0.0262513
CFA3S,17.1264,16.432,15.9378,15.5222,16.7146,16.1778,15.9669,15.8795,146.596,30.7252,0.067435,0.0517291,0.0391997,0.0286253,0.0602956,0.042682,0.0315543,0.0249202
CFA3S,16.9509,16.21,15.6875,15.2857,16.4936,15.9257,15.7157,15.6327,146.592,30.6471,0.0683645,0.0524421,0.03974,0.0290198,0.0611266,0.0432703,0.0319892,0.0252637
CFA3S,17.2234,16.433,15.8598,15.4272,16.7514,16.116,15.8816,15.7996,146.583,30.71,0.0689319,0.0528773,0.0400698,0.0292607,0.061634,0.0436295,0.0322547,0.0254733
CFA3S,16.2313,15.6003,15.1188,14.7633,15.8542,15.3759,15.1844,15.1301,215.978,-19.4728,0.356205,0.273243,0.20706,0.151204,0.318493,0.225455,0.166676,0.131633
CFA3S,16.8133,16.0053,15.4368,15.0303,16.3417,15.7081,15.467,15.3657,215.963,-19.3819,0.344706,0.264422,0.200376,0.146323,0.308211,0.218177,0.161295,0.127384
CFA3S,15.8203,15.3513,14.9798,14.7013,15.5109,15.2148,15.1079,15.096,215.952,-19.4737,0.349284,0.267934,0.203037,0.148266,0.312305,0.221074,0.163438,0.129076
CFA3S,16.4223,15.8483,15.4138,15.0623,16.0879,15.6633,15.4955,15.4545,215.929,-19.359,0.336705,0.258285,0.195725,0.142927,0.301058,0.213113,0.157552,0.124427
CFA3S,17.0983,16.4483,15.9758,15.6333,16.6955,16.2255,16.0644,16.0094,215.929,-19.4154,0.338106,0.25936,0.19654,0.143522,0.30231,0.214,0.158207,0.124945
CFA3S,16.7653,16.1583,15.7248,15.3783,16.3866,15.9742,15.7969,15.7667,215.907,-19.437,0.33261,0.255144,0.193345,0.141188,0.297396,0.210521,0.155635,0.122914
CFA3S,16.8773,16.0553,15.4558,15.0393,16.4255,15.7745,15.5255,15.445,215.861,-19.3747,0.330574,0.253581,0.192161,0.140324,0.295575,0.209232,0.154683,0.122161
CFA3S,18.1923,17.7383,17.3888,17.0563,17.8873,17.5812,17.4572,17.4179,215.861,-19.4523,0.326367,0.250355,0.189716,0.138538,0.291814,0.206569,0.152714,0.120607
CFA3S,17.2213,16.6943,16.2418,15.9473,16.8971,16.5129,16.3502,16.3032,215.839,-19.3584,0.336411,0.258059,0.195554,0.142802,0.300794,0.212926,0.157414,0.124318
CFA3S,16.2923,15.7283,15.2958,14.9723,15.9257,15.5373,15.3849,15.3494,215.833,-19.4414,0.325078,0.249365,0.188966,0.137991,0.290661,0.205753,0.152111,0.12013
CFA3S,17.2513,16.3793,15.7668,15.3163,16.7281,16.0504,15.7364,15.6096,215.827,-19.4839,0.328943,0.25233,0.191213,0.139632,0.294117,0.2082,0.153919,0.121559
CFA3S,18.1386,17.6788,17.3273,16.9808,17.853,17.5271,17.4297,17.4203,156.832,16.0397,0.111452,0.0854939,0.0647863,0.0473097,0.099652,0.0705417,0.0521506,0.0411862
CFA3S,16.9836,16.4588,16.0863,15.7688,16.6339,16.306,16.1759,16.1563,156.806,15.9979,0.110191,0.084527,0.0640536,0.0467746,0.0985249,0.0697439,0.0515608,0.0407204
CFA3S,18.7206,18.2068,17.7933,17.4998,18.394,18.0272,17.8922,17.8424,156.779,16.0652,0.113442,0.087021,0.0659435,0.0481547,0.101432,0.0718016,0.0530821,0.0419218
CFA3S,17.7226,16.8808,16.3033,15.8838,17.227,16.5583,16.3283,16.2556,156.717,16.072,0.111202,0.0853028,0.0646415,0.0472039,0.0994292,0.070384,0.052034,0.0410941
CFA3S,17.4536,16.5588,15.8993,15.4468,16.9094,16.1661,15.8885,15.7678,156.691,15.9665,0.0956803,0.0733959,0.0556185,0.040615,0.0855504,0.0605595,0.0447709,0.035358
CFA3S,17.1873,16.6405,16.2279,15.9077,16.8369,16.469,16.3383,16.3077,151.494,10.33,0.121546,0.0932376,0.0706543,0.0515948,0.108678,0.076931,0.0568741,0.0449167
CFA3S,18.5083,17.9725,17.6289,17.3717,18.1651,17.8053,17.6921,17.6687,151.425,10.214,0.124927,0.0958312,0.0726197,0.05303,0.111701,0.079071,0.0584562,0.0461661
CFA3S,17.6991,17.2524,16.9354,16.6135,17.4502,17.1217,16.9851,16.9499,171.446,22.8381,0.0530117,0.040665,0.0308155,0.0225027,0.0473992,0.033553,0.0248053,0.0195901
CFA3S,18.1931,17.8434,17.6194,17.7945,18.5575,18.2037,18.1106,18.0925,171.445,22.8439,0.0530983,0.0407314,0.0308658,0.0225395,0.0474766,0.0336078,0.0248458,0.0196221
CFA3S,17.5781,16.8504,16.3074,15.8705,17.1238,16.5239,16.334,16.2107,171.392,22.8379,0.0534631,0.0410113,0.0310779,0.0226944,0.0478029,0.0338387,0.0250166,0.019757
CFA3S,16.0528,15.4705,15.0421,14.685,15.6781,15.27,15.1146,15.0889,170.318,21.3604,0.0772776,0.0592793,0.0449211,0.0328033,0.0690961,0.0489118,0.0361599,0.0285574
CFA3S,16.2908,15.6435,15.1971,14.843,15.886,15.4219,15.2514,15.2201,170.296,21.413,0.0756351,0.0580193,0.0439664,0.0321061,0.0676275,0.0478722,0.0353913,0.0279505
