survey,CFA3K-B,CFA3K-V,CFA3K-r,CFA3K-i,PS1-g,PS1-r,PS1-i,PS1-z,RA,DEC,CFA3K-B_AV,CFA3K-V_AV,CFA3K-r_AV,CFA3K-i_AV,PS1-g_AV,PS1-r_AV,PS1-i_AV,PS1-z_AV
CFA3K,17.0398,16.1796,15.869,15.5977,16.5252,15.8842,15.6278,15.5328,340.603,19.9909,0.183758,0.141195,0.11547,0.0836827,0.164229,0.116255,0.0859456,0.067876
CFA3K,16.3448,15.7986,15.61,15.4397,16.0163,15.621,15.4622,15.4178,340.564,20.0791,0.181147,0.139189,0.113829,0.0824939,0.161896,0.114603,0.0847247,0.0669118
CFA3K,17.4218,16.5936,16.294,16.0367,16.879,16.2975,16.0353,15.9199,340.55,20.0069,0.190639,0.146482,0.119794,0.0868164,0.170379,0.120608,0.089164,0.0704177
CFA3K,16.3858,15.7476,15.54,15.3487,15.9665,15.5296,15.3594,15.2993,340.547,20.0159,0.190938,0.146712,0.119982,0.0869527,0.170647,0.120797,0.089304,0.0705283
CFA3K,17.8018,17.2466,17.078,16.9077,17.4177,17.0366,16.8699,16.8311,340.506,19.9396,0.176599,0.135695,0.110972,0.0804229,0.157832,0.111726,0.0825976,0.0652319
CFA3K,16.9508,16.3676,16.213,16.0767,16.53,16.1698,16.0586,16.0345,340.504,19.9582,0.180116,0.138397,0.113182,0.0820245,0.160975,0.113951,0.0842426,0.066531
CFA3K,16.8068,15.9676,15.667,15.4127,16.2502,15.6315,15.3884,15.3033,340.483,19.9575,0.175243,0.134652,0.110119,0.0798052,0.156619,0.110868,0.0819632,0.0647309
CFA3K,16.5948,15.7656,15.494,15.2577,16.0801,15.4947,15.2861,15.1976,340.449,20.0514,0.186573,0.143358,0.117239,0.0849649,0.166745,0.118036,0.0872625,0.068916
CFA3K,15.6678,15.0256,14.834,14.6617,15.2866,14.8551,14.7147,14.6664,340.449,20.0871,0.190644,0.146486,0.119797,0.0868186,0.170383,0.120611,0.0891662,0.0704195
CFA3K,17.8762,16.9943,,,17.3566,16.6459,16.3067,16.1577,308.964,64.7726,1.34956,1.03697,0.848041,0.614588,1.20614,0.853805,0.631207,0.498499
CFA3K,17.9868,17.2374,16.9393,16.6695,17.5434,16.9461,16.6929,16.573,144.438,23.2279,0.118754,0.0912475,0.0746227,0.0540802,0.106134,0.0751298,0.0555426,0.043865
CFA3K,15.8858,15.2554,15.0703,14.9025,15.4748,15.0587,14.9111,14.8825,144.418,23.1493,0.106799,0.0820616,0.0671104,0.048636,0.0954491,0.0675665,0.0499511,0.0394492
CFA3K,17.0318,16.1474,15.8063,15.5185,16.5042,15.8024,15.5413,15.4366,144.415,23.1323,0.105372,0.0809652,0.0662138,0.0479861,0.0941738,0.0666638,0.0492837,0.0389221
CFA3K,15.9058,15.3014,15.1263,14.9635,15.502,15.1161,14.9535,14.9377,144.389,23.1135,0.101,0.0776059,0.0634665,0.0459952,0.0902665,0.0638979,0.0472389,0.0373072
CFA3K,15.9058,15.3014,15.1263,14.9635,15.5029,15.1131,14.9764,14.9487,144.389,23.1135,0.100997,0.0776035,0.0634646,0.0459938,0.0902637,0.0638959,0.0472375,0.037306
CFA3K,16.5498,15.9684,15.7873,15.6515,16.1778,15.7961,15.664,15.6423,144.362,23.2389,0.113317,0.08707,0.0712063,0.0516043,0.101275,0.0716903,0.0529997,0.0418568
CFA3K,17.0808,16.3044,16.0523,15.8355,16.5706,16.0245,15.8196,15.7562,144.291,23.1715,0.100387,0.0771351,0.0630815,0.0457161,0.0897189,0.0635102,0.0469524,0.0370809
CFA3K,15.8088,15.3524,15.2413,15.1405,15.4624,15.2072,15.128,15.1414,144.289,23.1764,0.100511,0.0772303,0.0631594,0.0457725,0.0898296,0.0635886,0.0470103,0.0371266
CFA3K,16.6228,15.7194,15.3473,15.0605,16.081,15.3727,15.0915,14.9757,144.289,23.2427,0.101231,0.0777836,0.0636118,0.0461005,0.0904731,0.0640442,0.0473471,0.0373926
CFA3K,16.2081,15.7231,15.596,15.4815,15.9161,15.7571,15.5372,15.6754,139.117,-16.2342,0.168163,0.129213,0.105671,0.0765812,0.150292,0.106389,0.078652,0.0621159
CFA3K,15.7495,15.2736,15.1403,15.0213,15.4521,15.1474,15.0291,15.027,139.08,-16.2322,0.172643,0.132655,0.108486,0.0786214,0.154296,0.109223,0.0807474,0.0637707
CFA3K,16.253,15.5346,15.2888,15.0738,15.7943,15.2875,15.0625,14.9984,139.074,-16.3777,0.162072,0.124532,0.101843,0.0738073,0.144848,0.102535,0.0758031,0.0598659
CFA3K,16.723,16.0371,15.8393,15.6478,16.2724,15.8198,15.6448,15.5954,139.055,-16.3512,0.172432,0.132493,0.108353,0.0785253,0.154108,0.10909,0.0806487,0.0636928
CFA3K,17.1535,16.4991,16.2738,16.0843,17.0354,16.7022,16.4053,16.3865,139.049,-16.3215,0.182537,0.140257,0.114703,0.0831271,0.163139,0.115483,0.085375,0.0674253
CFA3K,17.1325,16.5671,16.4468,16.2973,16.7524,16.4107,16.3007,16.2788,139.017,-16.3196,0.18056,0.138738,0.113461,0.0822268,0.161372,0.114232,0.0844503,0.0666951
CFA3K,17.091,16.5491,16.4268,16.3368,16.6908,16.3798,16.2913,16.2751,139.011,-16.3621,0.170793,0.131233,0.107323,0.0777788,0.152643,0.108053,0.079882,0.0630872
CFA3K,16.8865,16.4231,16.2983,16.1828,16.5554,16.2589,16.1641,16.1591,139.004,-16.3236,0.177481,0.136372,0.111526,0.0808243,0.158619,0.112284,0.0830099,0.0655575
CFA3K,16.39,15.4936,15.1283,14.8308,15.8304,15.1256,14.8399,14.7233,138.975,-16.2852,0.175388,0.134764,0.11021,0.0798711,0.156749,0.110959,0.0820309,0.0647843
CFA3K,16.6901,16.2939,16.1898,16.0821,16.4513,16.2133,16.0996,16.0821,205.284,67.7159,0.0703383,0.0540462,0.0441993,0.0320319,0.0628633,0.0444997,0.0328981,0.0259814
CFA3K,16.7728,16.0131,15.7345,15.5151,16.358,15.7593,15.5387,15.4606,78.021,5.26563,0.389413,0.299216,0.2447,0.177338,0.348029,0.246363,0.182133,0.143841
CFA3K,16.2841,15.6239,15.4106,15.2187,15.8942,15.4272,15.2353,15.1895,78.0036,5.25663,0.391007,0.30044,0.245702,0.178064,0.349454,0.247372,0.182879,0.14443
CFA3K,16.4761,15.9706,15.8317,15.6891,16.1781,15.8335,15.7044,15.6799,77.9868,5.19093,0.394381,0.303032,0.247821,0.1796,0.352469,0.249506,0.184457,0.145676
CFA3K,16.6671,16.0199,15.8103,15.6194,16.3038,15.8288,15.6354,15.5923,77.9332,5.25395,0.393219,0.30214,0.247091,0.179071,0.35143,0.248771,0.183913,0.145246
CFA3K,16.419,15.6722,15.4429,15.247,16.0004,15.4632,15.2864,15.2337,77.91,5.27502,0.392439,0.30154,0.246601,0.178716,0.350733,0.248277,0.183548,0.144958
CFA3K,16.8871,16.0214,15.6833,15.4136,16.3503,15.676,15.4252,15.33,47.2443,-7.07821,0.243862,0.187377,0.153238,0.111054,0.217946,0.15428,0.114057,0.0900772
CFA3K,17.8316,17.2324,17.0458,16.9027,17.4233,17.026,16.8893,16.857,47.2159,-7.08269,0.251062,0.19291,0.157762,0.114333,0.224381,0.158835,0.117425,0.0927367
CFA3K,15.9261,15.3245,15.1298,14.9208,15.5596,15.1245,14.9349,14.8715,36.9986,28.1121,0.451974,0.347286,0.284012,0.205828,0.403942,0.285942,0.211394,0.166949
CFA3K,16.8751,16.1315,15.8508,15.5468,16.4124,15.8352,15.5629,15.4378,36.9373,28.1874,0.458903,0.35261,0.288366,0.208983,0.410134,0.290326,0.214635,0.169509
CFA3K,17.1351,16.4475,16.2238,16.0348,16.673,16.2011,16.0023,15.9461,36.9367,28.1191,0.456888,0.351061,0.2871,0.208066,0.408333,0.289051,0.213692,0.168764
CFA3K,16.2301,15.5405,15.3308,15.1438,15.7485,15.2937,15.1175,15.0558,36.879,28.0932,0.459157,0.352805,0.288526,0.209099,0.410361,0.290487,0.214753,0.169603
CFA3K,16.7951,16.0255,15.7498,15.5018,16.3026,15.7413,15.5118,15.4068,36.8314,28.1821,0.430921,0.331109,0.270782,0.19624,0.385125,0.272623,0.201547,0.159173
CFA3K,16.022,15.2999,15.0688,14.8844,15.555,15.0536,14.893,14.8495,21.8082,19.102,0.190311,0.146231,0.119588,0.0866674,0.170087,0.120401,0.0890109,0.0702969
CFA3K,15.769,15.1789,14.9888,14.8374,15.3615,14.974,14.8449,14.8135,21.7453,19.1265,0.18875,0.145031,0.118607,0.0859562,0.168691,0.119413,0.0882805,0.06972
CFA3K,17.401,16.8179,16.6608,16.5064,16.9869,16.6216,16.4804,16.44,21.6966,19.0968,0.191475,0.147125,0.12032,0.0871974,0.171127,0.121137,0.0895553,0.0707268
CFA3K,16.866,16.1819,15.9588,15.7934,16.386,15.9482,15.7724,15.7164,21.6935,19.0339,0.198615,0.15261,0.124806,0.0904486,0.177507,0.125654,0.0928944,0.0733639
CFA3K,16.8077,16.2956,16.1438,15.9662,16.4666,16.1307,16.0101,15.9984,21.7322,-1.25137,0.136647,0.104996,0.0858663,0.0622286,0.122125,0.0864499,0.0639114,0.0504743
CFA3K,16.1607,15.5436,15.3518,15.1552,15.744,15.3355,15.201,15.1684,21.7151,-1.27578,0.139169,0.106934,0.0874514,0.0633773,0.124379,0.0880457,0.0650911,0.0514061
CFA3K,16.7097,15.9316,15.6688,15.4152,16.1972,15.6533,15.4483,15.3863,21.6995,-1.27685,0.138294,0.106262,0.0869016,0.0629789,0.123597,0.0874922,0.0646819,0.0510829
CFA3K,16.8264,16.0657,15.8196,15.5775,16.3518,15.799,15.5995,15.518,7.00481,-1.19149,0.0758342,0.0582691,0.0476528,0.0345347,0.0677751,0.0479767,0.0354686,0.0280115
CFA3K,16.9067,16.4474,16.2996,16.1689,16.6084,16.268,16.1862,16.1498,6.96206,-1.13407,0.0730533,0.0561323,0.0459053,0.0332683,0.0652897,0.0462173,0.0341679,0.0269843
CFA3K,16.85,16.1737,15.9363,15.7312,16.4158,15.9336,15.7301,15.6499,6.91189,-1.15459,0.0758747,0.0583002,0.0476782,0.0345531,0.0678113,0.0480023,0.0354875,0.0280264
CFA3K,17.0433,16.527,16.4002,16.2745,16.6878,16.3556,16.2342,16.2058,6.91048,-1.28662,0.0836183,0.0642502,0.0525441,0.0380795,0.0747319,0.0529013,0.0391093,0.0308867
CFA3K,16.1771,15.4414,15.209,15.0092,15.7209,15.1844,14.9997,14.934,6.88001,-1.20809,0.0809702,0.0622155,0.0508802,0.0368736,0.0723653,0.051226,0.0378707,0.0299086
CFA3K,16.8264,16.0173,15.6833,15.3838,16.3512,15.6847,15.3901,15.2669,359.68,-18.7055,0.0743254,0.0571098,0.0467047,0.0338476,0.0664267,0.0470221,0.0347629,0.0274542
CFA3K,17.7094,17.2603,17.1533,17.0118,17.3748,17.1194,17.019,17.0035,359.636,-18.7677,0.0716101,0.0550234,0.0449984,0.032611,0.0639999,0.0453042,0.0334929,0.0264512
CFA3K,17.9654,17.2803,17.0513,16.8728,17.5231,17.0408,16.8714,16.8201,359.634,-18.742,0.0736251,0.0565717,0.0462646,0.0335287,0.0658007,0.046579,0.0344353,0.0271955
CFA3K,17.7724,17.4113,17.2583,17.1708,17.5403,17.2543,17.1484,17.1417,359.582,-18.6276,0.0777678,0.0597549,0.0488679,0.0354153,0.0695033,0.0492,0.036373,0.0287257
CFA3K,18.4654,17.7553,17.5473,17.3678,18.0451,17.5466,17.3615,17.3108,359.561,-18.6423,0.0779692,0.0599096,0.0489944,0.035507,0.0696832,0.0493274,0.0364671,0.0288001
CFA3K,16.0856,15.5072,15.3605,15.2493,15.7342,15.3793,15.2565,15.2403,19.2457,0.768966,0.110702,0.0850609,0.0695633,0.0504136,0.0989377,0.0700361,0.0517768,0.040891
CFA3K,17.6069,17.1418,16.9642,16.7347,17.3935,17.0622,16.9282,16.8793,338.592,5.6365,0.449426,0.345328,0.282411,0.204668,0.401665,0.284331,0.210202,0.166008
CFA3K,17.9359,16.8848,16.4992,16.1347,17.2752,16.5095,16.1651,16.0112,338.539,5.57532,0.457366,0.351428,0.2874,0.208283,0.40876,0.289353,0.213915,0.168941
CFA3K,18.0929,17.3168,17.0832,16.8857,17.6255,17.1025,16.9069,16.8233,338.527,5.62921,0.460481,0.353822,0.289358,0.209702,0.411544,0.291324,0.215372,0.170092
CFA3K,18.2759,17.3028,16.9562,16.5417,17.7367,16.985,16.6038,16.42,338.523,5.64685,0.461671,0.354737,0.290105,0.210244,0.412608,0.292077,0.215929,0.170531
CFA3K,17.9989,17.4638,17.3022,17.0927,17.6933,17.3016,17.1354,17.0768,338.508,5.63336,0.46493,0.35724,0.292153,0.211728,0.41552,0.294139,0.217453,0.171735
CFA3K,17.5919,16.6158,16.2632,15.9347,17.0123,16.2719,15.9603,15.8112,338.484,5.61512,0.471231,0.362082,0.296113,0.214597,0.421152,0.298125,0.2204,0.174062
CFA3K,17.8859,17.3068,17.1122,16.8717,17.602,17.1254,16.9214,16.8293,338.475,5.64429,0.473923,0.364151,0.297805,0.215824,0.423558,0.299829,0.22166,0.175057
CFA3K,16.7809,15.9798,15.7242,15.4957,16.2734,15.711,15.4929,15.4116,338.444,5.56196,0.480296,0.369048,0.301809,0.218726,0.429254,0.30386,0.22464,0.177411
CFA3K,16.085,15.3929,15.1792,14.9825,15.659,15.1839,14.9897,14.9289,53.8247,-25.0256,0.062945,0.0483654,0.0395535,0.028665,0.0562557,0.0398223,0.0294401,0.0232505
CFA3K,15.983,15.4253,15.2652,15.1419,15.6271,15.2613,15.1383,15.1256,53.8122,-25.0057,0.0647198,0.0497291,0.0406687,0.0294733,0.0578419,0.0409451,0.0302702,0.0239061
CFA3K,16.5803,15.8219,15.5545,15.3322,16.0967,15.5485,15.3476,15.2711,53.7642,-24.9573,0.0819478,0.0629666,0.0514944,0.0373188,0.073239,0.0518444,0.0383279,0.0302697
CFA3K,16.6047,15.9553,15.7802,15.6432,16.1788,15.7556,15.6159,15.6072,53.6958,-24.9664,0.0839367,0.0644949,0.0527443,0.0382246,0.0750165,0.0531027,0.0392582,0.0310044
CFA3K,16.8926,16.2969,16.1292,15.9928,16.5009,16.1251,15.9875,15.9645,53.6915,-24.9427,0.08866,0.0681241,0.0557123,0.0403755,0.0792379,0.0560909,0.0414673,0.0327491
CFA3K,16.3103,15.8106,15.6655,15.5425,15.9863,15.671,15.5467,15.541,53.6886,-24.9132,0.0882207,0.0677866,0.0554363,0.0401755,0.0788453,0.055813,0.0412619,0.0325868
CFA3K,15.687,15.0609,14.8684,14.7151,15.258,14.846,14.6804,14.6508,53.6679,-25.0109,0.0790307,0.0607252,0.0496614,0.0359904,0.0706319,0.0499989,0.0369636,0.0291922
CFA3K,17.7165,17.1667,16.9916,16.8342,17.3366,16.969,16.8089,16.7783,160.136,9.18589,0.108981,0.0837382,0.0684815,0.0496296,0.0973992,0.068947,0.0509717,0.0402551
CFA3K,17.2678,16.871,16.7589,16.6058,17.0046,16.7423,16.6231,16.5954,160.133,9.22097,0.109616,0.0842265,0.0688809,0.0499191,0.0979672,0.0693491,0.0512689,0.0404899
CFA3K,16.2162,15.3434,14.983,14.6752,15.6923,14.9842,14.6895,14.5661,160.089,9.22268,0.111943,0.0860139,0.0703427,0.0509784,0.100046,0.0708207,0.0523569,0.0413491
CFA3K,17.1248,16.5424,16.382,16.2222,16.7478,16.3712,16.2357,16.2079,160.078,9.22793,0.112137,0.0861635,0.0704649,0.051067,0.10022,0.0709438,0.0524479,0.041421
CFA3K,15.7518,15.1504,14.9776,14.8192,15.333,14.9431,14.7975,14.7589,160.07,9.12205,0.105116,0.0807687,0.0660531,0.0478697,0.0939453,0.066502,0.0491642,0.0388277
CFA3K,17.5538,16.9234,16.742,16.5919,17.1221,16.7122,16.5722,16.5453,160.059,9.13061,0.104793,0.0805203,0.0658499,0.0477224,0.0936563,0.0662975,0.0490129,0.0387082
CFA3K,17.3771,16.6277,16.3926,16.1568,16.9225,16.3807,16.1592,16.0846,160.027,9.17412,0.105176,0.0808148,0.0660908,0.047897,0.0939989,0.06654,0.0491922,0.0388498
CFA3K,16.1133,15.6236,15.4941,15.3877,15.8042,15.5138,15.401,15.3823,43.6244,42.6727,0.324755,0.249534,0.20407,0.147893,0.290242,0.205457,0.151892,0.119957
CFA3K,15.7766,15.1733,14.9895,14.8564,15.3866,15.0019,14.8687,14.834,43.5786,42.6527,0.318614,0.244815,0.200211,0.145096,0.284754,0.201572,0.14902,0.117689
CFA3K,15.8169,15.1569,14.9601,14.7874,15.379,14.9469,14.7907,14.7339,43.5528,42.6583,0.316028,0.242828,0.198586,0.143918,0.282443,0.199936,0.14781,0.116734
CFA3K,15.8346,15.3359,15.2054,15.0937,15.5027,15.1983,15.1017,15.0965,43.5185,42.7136,0.31905,0.24515,0.200485,0.145294,0.285143,0.201847,0.149223,0.11785
CFA3K,16.2738,15.6665,15.4787,15.3264,15.9001,15.4918,15.3374,15.3094,39.0861,-17.3297,0.0958597,0.0736562,0.0602365,0.0436543,0.0856725,0.0606459,0.0448347,0.0354085
CFA3K,16.6268,16.063,15.8994,15.7737,16.2461,15.8937,15.7554,15.7298,39.0295,-17.3185,0.0888113,0.0682404,0.0558074,0.0404445,0.0793731,0.0561867,0.0415381,0.032805
CFA3K,16.9603,16.402,16.2242,16.0792,16.579,16.1979,16.0526,16.0139,38.9748,-17.337,0.0841302,0.0646435,0.0528658,0.0383127,0.0751894,0.0532251,0.0393487,0.0310758
CFA3K,16.8564,16.2722,16.0737,15.8997,16.5488,16.112,15.9442,15.9029,32.7981,35.0206,0.322598,0.247876,0.202714,0.14691,0.288314,0.204092,0.150883,0.11916
CFA3K,17.4404,16.6255,16.4232,16.1603,16.9501,16.4151,16.1972,16.1185,32.7965,34.9154,0.3176,0.244036,0.199574,0.144634,0.283848,0.20093,0.148545,0.117315
CFA3K,17.1579,16.5662,16.3877,16.2015,16.767,16.3584,16.2017,16.1411,32.7266,34.9412,0.308895,0.237347,0.194104,0.14067,0.276068,0.195423,0.144474,0.114099
CFA3K,17.0107,16.52,16.3724,16.2183,16.7219,16.3907,16.249,16.2229,32.691,35.0495,0.31335,0.240771,0.196904,0.142699,0.28005,0.198242,0.146558,0.115745
CFA3K,16.2459,15.6587,15.4864,15.318,15.8445,15.4803,15.3087,15.2631,32.6339,34.9555,0.303814,0.233443,0.190911,0.138356,0.271527,0.192209,0.142097,0.112222
CFA3K,16.7961,16.0157,15.7334,15.503,16.3299,15.7569,15.5208,15.4373,32.6214,35.0207,0.305552,0.234779,0.192003,0.139148,0.27308,0.193308,0.14291,0.112864
CFA3K,16.6906,15.8647,15.5647,15.2877,16.2001,15.5719,15.3036,15.1971,32.6172,34.9996,0.304059,0.233632,0.191065,0.138468,0.271746,0.192364,0.142212,0.112313
CFA3K,16.632,16.0289,15.8486,15.6885,16.2474,15.838,15.6879,15.6539,126.811,21.5914,0.146252,0.112377,0.0919022,0.0666029,0.13071,0.0925268,0.0684039,0.0540224
CFA3K,16.0096,15.3812,15.1939,15.0468,15.6357,15.1846,15.0378,15.0129,126.793,21.5567,0.145169,0.111544,0.0912213,0.0661094,0.129741,0.0918413,0.0678971,0.0536221
CFA3K,16.501,15.9419,15.777,15.6349,16.1617,15.7595,15.6201,15.5999,126.79,21.5656,0.145445,0.111757,0.0913952,0.0662355,0.129989,0.0920164,0.0680266,0.0537243
CFA3K,15.9316,15.2705,15.0616,14.8745,15.5651,15.1015,14.9124,14.8768,126.778,21.7313,0.159759,0.122755,0.10039,0.0727539,0.142781,0.101072,0.0747213,0.0590115
CFA3K,16.4983,15.9315,15.7736,15.6555,16.1012,15.7387,15.6292,15.6132,126.703,21.5642,0.149742,0.115058,0.0940952,0.0681922,0.133829,0.0947347,0.0700362,0.0553115
CFA3K,16.1193,15.6009,15.459,15.3282,15.8164,15.4651,15.3389,15.3319,126.696,21.6968,0.164822,0.126645,0.103571,0.0750594,0.147306,0.104275,0.0770891,0.0608815
CFA3K,15.6441,15.2384,15.127,15.0104,15.4066,15.1206,15.0211,15.0313,132.395,36.1584,0.115188,0.0885074,0.0723818,0.0524562,0.102946,0.0728737,0.0538747,0.0425478
CFA3K,17.5591,16.9624,16.7646,16.5868,17.1931,16.7595,16.5908,16.5463,132.394,36.0781,0.11314,0.0869342,0.0710953,0.0515238,0.101117,0.0715784,0.0529171,0.0417915
CFA3K,16.536,15.7377,15.4389,15.1691,16.0405,15.4335,15.1638,15.0849,132.339,36.0781,0.116207,0.0892902,0.073022,0.0529202,0.103857,0.0735183,0.0543512,0.0429241
CFA3K,17.3971,16.8341,16.638,16.4661,17.0373,16.6332,16.4685,16.4203,132.333,36.1404,0.117457,0.0902507,0.0738075,0.0534894,0.104974,0.0743091,0.0549358,0.0433859
CFA3K,16.6681,16.0581,15.8477,15.6465,16.3016,15.8473,15.66,15.6007,132.307,36.1752,0.118402,0.0909771,0.0744015,0.0539199,0.105819,0.0749072,0.055378,0.0437351
CFA3K,15.7617,15.0667,14.8283,14.6221,15.3702,14.8529,14.6625,14.6024,132.277,36.214,0.119175,0.0915714,0.0748876,0.0542722,0.10651,0.0753966,0.0557398,0.0440208
CFA3K,16.6204,16.1071,15.946,15.7995,16.3776,15.9999,15.8548,15.8345,132.256,36.2115,0.119023,0.0914541,0.0747917,0.0542027,0.106374,0.0753,0.0556684,0.0439644
CFA3K,17.3611,16.8844,16.7526,16.5998,17.0167,16.6963,16.5787,16.5641,132.241,36.1026,0.117475,0.0902647,0.0738189,0.0534977,0.10499,0.0743206,0.0549443,0.0433926
CFA3K,16.8021,15.8474,15.4761,15.1146,16.2566,15.4935,15.1379,14.9908,50.0797,41.445,0.570125,0.438069,0.358256,0.259633,0.509536,0.36069,0.266654,0.210591
CFA3K,16.1618,15.4477,15.2125,14.9978,15.7483,15.2298,15.0246,14.9523,50.0532,41.4226,0.56643,0.43523,0.355934,0.257951,0.506234,0.358353,0.264926,0.209227
CFA3K,16.7986,16.2343,16.0313,15.8384,16.4768,16.0559,15.8977,15.85,50.0303,41.5834,0.572432,0.439843,0.359706,0.260684,0.511598,0.36215,0.267733,0.211444
CFA3K,16.679,15.9127,15.6471,15.4198,16.1982,15.6518,15.4506,15.371,49.9334,41.5404,0.569224,0.437378,0.35769,0.259223,0.508731,0.360121,0.266233,0.210259
CFA3K,16.6322,15.9101,15.6775,15.478,16.1497,15.6624,15.4716,15.3951,49.9285,41.4219,0.556179,0.427354,0.349493,0.253283,0.497073,0.351868,0.260132,0.20544
CFA3K,16.016,15.3129,15.0729,14.8676,15.5641,15.0731,14.8885,14.8258,49.9239,41.5102,0.566657,0.435405,0.356077,0.258054,0.506437,0.358497,0.265032,0.209311
CFA3K,17.0166,16.2163,15.9451,15.677,16.5284,15.9596,15.7059,15.6086,49.9122,41.4854,0.563571,0.433034,0.354137,0.256649,0.503678,0.356544,0.263589,0.208171
CFA3K,16.8642,16.1927,15.9773,15.7792,16.3942,15.9501,15.7562,15.6985,49.8828,41.4528,0.55942,0.429844,0.351529,0.254758,0.499969,0.353918,0.261647,0.206637
CFA3K,16.8166,16.154,15.9253,15.7227,16.4244,15.916,15.7678,15.712,105.476,14.1601,0.28432,0.218465,0.178661,0.129479,0.254105,0.179876,0.13298,0.105022
CFA3K,16.1749,15.6156,15.4492,15.296,15.8308,15.4409,15.311,15.2814,105.466,14.1313,0.285998,0.219754,0.179716,0.130243,0.255604,0.180937,0.133765,0.105641
CFA3K,16.2675,15.8266,15.6875,15.5503,16.0134,15.735,15.5781,15.6243,105.456,14.187,0.274689,0.211064,0.172609,0.125093,0.245497,0.173782,0.128475,0.101464
CFA3K,17.1659,16.6466,16.4665,16.2923,16.8358,16.4435,16.3161,16.2822,105.444,14.2046,0.271114,0.208317,0.170363,0.123465,0.242302,0.171521,0.126803,0.100144
CFA3K,17.1472,16.5883,16.4369,16.275,16.777,16.4049,16.2725,16.2475,105.421,14.0711,0.291592,0.224052,0.183231,0.13279,0.260604,0.184476,0.136381,0.107708
CFA3K,17.0292,16.5283,16.3722,16.237,16.7382,16.3881,16.2714,16.2669,105.403,14.1513,0.270131,0.207562,0.169745,0.123017,0.241424,0.170899,0.126344,0.0997806
CFA3K,16.5322,16.0006,15.8349,15.6933,16.167,15.8031,15.6807,15.659,105.403,14.0435,0.294994,0.226666,0.185369,0.13434,0.263645,0.186629,0.137972,0.108964
CFA3K,16.9689,16.448,16.3283,16.2087,16.6014,16.283,16.1919,16.1852,105.387,14.0468,0.285249,0.219178,0.179245,0.129902,0.254935,0.180463,0.133414,0.105365
CFA3K,16.6375,15.8636,15.5919,15.3343,16.1358,15.5589,15.3196,15.2263,105.381,14.0503,0.281606,0.216379,0.176956,0.128243,0.251679,0.178158,0.13171,0.104019
CFA3K,17.1783,16.585,16.4003,16.2434,16.7995,16.4041,16.2682,16.2424,105.367,14.1822,0.268493,0.206303,0.168716,0.122271,0.239959,0.169862,0.125577,0.0991753
CFA3K,17.5456,17.0493,16.9182,16.7903,17.1933,16.8825,16.7826,16.7789,105.355,14.1522,0.266708,0.204932,0.167594,0.121458,0.238364,0.168733,0.124743,0.0985161
CFA3K,16.9339,16.2863,16.0792,15.9,16.4841,16.0467,15.9021,15.8583,105.35,14.1207,0.263709,0.202627,0.16571,0.120092,0.235684,0.166836,0.12334,0.0974083
CFA3K,16.3536,15.5533,15.2916,15.062,15.8967,15.3088,15.0941,15.019,105.339,14.2102,0.2738,0.210381,0.172051,0.124688,0.244703,0.17322,0.12806,0.101136
CFA3K,16.2225,15.6576,15.4952,15.3623,15.8037,15.4557,15.3509,15.3343,105.325,14.0592,0.267856,0.205814,0.168316,0.121981,0.239391,0.16946,0.12528,0.0989402
CFA3K,16.3305,15.8286,15.7002,15.583,15.9806,15.6785,15.5825,15.5724,105.308,14.1418,0.272486,0.209371,0.171225,0.124089,0.243528,0.172389,0.127445,0.10065
CFA3K,16.0632,15.4663,15.285,15.1235,15.6962,15.2836,15.1403,15.103,350.367,33.4365,0.243592,0.18717,0.153068,0.110931,0.217704,0.154109,0.113931,0.0899774
CFA3K,16.3585,15.5503,15.2565,14.983,15.8998,15.2806,15.0232,14.9192,350.333,33.4853,0.245682,0.188776,0.154382,0.111883,0.219573,0.155431,0.114908,0.0907494
CFA3K,16.486,16.0073,15.8695,15.74,16.1904,15.8775,15.7565,15.7371,350.324,33.4708,0.245588,0.188704,0.154323,0.11184,0.219489,0.155372,0.114865,0.0907149
CFA3K,16.687,16.0778,15.8975,15.7483,16.2758,15.8724,15.7493,15.7092,350.299,33.3915,0.244493,0.187863,0.153635,0.111342,0.21851,0.154679,0.114353,0.0903105
CFA3K,17.032,16.2198,15.9133,15.6775,16.5434,15.9172,15.6837,15.5957,350.276,33.4035,0.244893,0.18817,0.153886,0.111524,0.218867,0.154932,0.114539,0.0904581
CFA3K,17.3212,16.7375,16.56,16.407,16.9146,16.5479,16.4049,16.3668,350.223,33.4022,0.248798,0.191171,0.15634,0.113302,0.222358,0.157403,0.116366,0.0919007
CFA3K,16.309,15.7103,15.529,15.3813,15.8915,15.5049,15.3561,15.3168,350.2,33.3209,0.259155,0.199128,0.162848,0.118019,0.231614,0.163955,0.12121,0.0957262
CFA3K,15.9785,15.2575,15.0064,14.7851,15.5644,15.018,14.8172,14.7493,193.195,-9.84227,0.16103,0.123731,0.101188,0.0733324,0.143916,0.101876,0.0753154,0.0594808
CFA3K,17.039,16.557,16.3889,16.2321,16.7289,16.377,16.2351,16.2138,193.17,-9.81216,0.160048,0.122977,0.100571,0.0728854,0.143039,0.101255,0.0748563,0.0591182
CFA3K,17.0375,16.502,16.3179,16.1366,16.7468,16.335,16.1802,16.1218,193.156,-9.70336,0.156692,0.120398,0.0984622,0.071357,0.14004,0.0991314,0.0732866,0.0578785
CFA3K,16.1205,15.5269,15.3308,15.1675,15.7762,15.3852,15.2127,15.1786,193.149,-9.78159,0.15895,0.122134,0.0998815,0.0723856,0.142058,0.10056,0.074343,0.0587128
CFA3K,16.224,15.383,15.0709,14.7726,15.7148,15.0704,14.785,14.6599,193.129,-9.78145,0.159057,0.122215,0.0999484,0.0724341,0.142153,0.100628,0.0743928,0.0587521
CFA3K,17.406,16.84,16.6739,16.4711,17.04,16.6527,16.4851,16.4339,193.123,-9.83488,0.160651,0.12344,0.10095,0.0731599,0.143578,0.101636,0.0751383,0.0593408
CFA3K,16.0696,15.5355,15.3864,15.2436,15.7102,15.3655,15.2324,15.2139,193.121,-9.86059,0.162037,0.124505,0.101821,0.0737911,0.144817,0.102513,0.0757865,0.0598528
CFA3K,16.0235,15.3644,15.1563,14.968,15.5992,15.1507,14.9719,14.9212,193.104,-9.78973,0.159368,0.122454,0.100144,0.0725757,0.142431,0.100824,0.0745382,0.058867
CFA3K,18.093,17.4954,17.3453,17.1755,17.7499,17.3446,17.1872,17.1533,193.1,-9.77272,0.159383,0.122466,0.100153,0.0725828,0.142445,0.100834,0.0745455,0.0588727
CFA3K,16.8121,16.1285,15.885,15.6495,16.4327,15.8999,15.6868,15.6039,51.5976,40.7701,0.738555,0.567487,0.464094,0.336336,0.660067,0.467248,0.345431,0.272806
CFA3K,16.7708,16.1862,15.9973,15.8085,16.4186,15.9922,15.8169,15.7643,51.5728,40.711,0.72077,0.553822,0.452919,0.328237,0.644172,0.455997,0.337113,0.266237
CFA3K,16.8361,16.2789,16.0957,15.9219,16.4934,16.0671,15.9192,15.8685,51.5617,40.6285,0.706793,0.543082,0.444135,0.321872,0.63168,0.447154,0.330575,0.261074
CFA3K,16.8347,16.0925,15.8393,15.5941,16.3722,15.8311,15.5977,15.5009,51.5587,40.6629,0.711949,0.547044,0.447376,0.32422,0.636289,0.450416,0.332987,0.262978
CFA3K,16.8351,16.1585,15.937,15.7415,16.4055,15.9191,15.7403,15.6792,51.5442,40.6829,0.714664,0.54913,0.449081,0.325456,0.638714,0.452133,0.334257,0.263981
CFA3K,16.7665,15.9139,15.5884,15.3035,16.2295,15.5769,15.3076,15.187,51.5076,40.6861,0.714605,0.549085,0.449044,0.325429,0.638662,0.452096,0.334229,0.263959
CFA3K,16.8364,16.1212,15.8643,15.6022,16.5238,16.0132,15.8682,15.7455,51.4791,40.7425,0.720272,0.553439,0.452606,0.32801,0.643727,0.455682,0.33688,0.266053
CFA3K,16.0325,15.3819,15.1738,14.9849,15.6454,15.182,15.0065,14.9503,51.4095,40.7576,0.718818,0.552322,0.451692,0.327348,0.642427,0.454762,0.3362,0.265516
CFA3K,16.7756,15.842,15.5289,15.1986,16.1798,15.4862,15.1746,15.0275,51.4053,40.6494,0.705273,0.541914,0.443181,0.32118,0.630322,0.446193,0.329865,0.260512
CFA3K,16.833,16.1084,15.8818,15.6694,16.3406,15.853,15.6363,15.5776,51.3889,40.6277,0.699627,0.537576,0.439633,0.318609,0.625276,0.442621,0.327224,0.258427
CFA3K,16.5453,16.0412,15.8799,15.7189,16.2438,15.8761,15.7355,15.7042,92.2946,64.7452,0.337829,0.259579,0.212285,0.153846,0.301927,0.213728,0.158006,0.124786
CFA3K,16.9014,16.4057,16.2504,16.0764,16.6112,16.2371,16.0965,16.0659,92.2828,64.7366,0.338749,0.260287,0.212864,0.154266,0.30275,0.214311,0.158437,0.125127
CFA3K,16.4324,15.58,15.2676,14.9522,15.9149,15.2598,14.9761,14.8503,92.163,64.7331,0.333856,0.256527,0.209789,0.152037,0.298376,0.211215,0.156148,0.123319
CFA3K,16.5584,15.992,15.8099,15.6422,16.1786,15.782,15.6401,15.5995,92.0134,64.7329,0.333889,0.256552,0.209809,0.152052,0.298405,0.211235,0.156164,0.123331
CFA3K,16.584,16.1261,16.0014,15.849,16.292,15.9917,15.8643,15.8284,185.781,15.7365,0.0920936,0.0707624,0.0578699,0.0419392,0.0823065,0.0582632,0.0430733,0.0340173
CFA3K,16.2467,15.4381,15.112,14.842,15.735,15.1017,14.8473,14.7512,185.71,15.8491,0.0912927,0.070147,0.0573666,0.0415745,0.0815908,0.0577565,0.0426987,0.0337215
CFA3K,16.2157,15.6391,15.4677,15.3157,15.8449,15.4666,15.3291,15.291,185.705,15.8441,0.0913911,0.0702226,0.0574285,0.0416193,0.0816787,0.0578188,0.0427447,0.0337579
CFA3K,16.646,16.1478,16.0124,15.8964,16.3234,16.0112,15.8997,15.8888,185.666,15.8596,0.0921456,0.0708024,0.0579026,0.0419629,0.082353,0.0582961,0.0430976,0.0340366
CFA3K,17.2048,16.7043,16.464,16.2113,17.133,16.384,16.4229,16.439,190.403,35.1229,0.0548215,0.0421235,0.0344488,0.0249656,0.0489955,0.0346829,0.0256407,0.0202499
CFA3K,17.0992,16.3647,16.1056,15.8945,16.6556,16.1388,15.944,15.866,206.586,-9.06143,0.167242,0.128505,0.105092,0.0761618,0.149469,0.105806,0.0782213,0.0617757
CFA3K,16.1762,15.4197,15.2366,15.0805,15.7005,15.2802,15.1252,15.0946,206.581,-9.04372,0.165418,0.127103,0.103945,0.0753308,0.147838,0.104652,0.0773678,0.0611016
CFA3K,16.9642,16.4247,16.3226,16.1785,16.7048,16.3543,16.2347,16.2073,206.522,-9.04094,0.159943,0.122896,0.100505,0.0728375,0.142945,0.101188,0.0748071,0.0590793
CFA3K,15.6622,15.0777,14.9406,14.8125,15.3101,14.9815,14.8649,14.8416,206.482,-9.04352,0.15527,0.119306,0.0975688,0.0707096,0.138769,0.0982319,0.0726216,0.0573533
CFA3K,15.7878,15.2745,15.1303,14.9666,15.4453,15.1006,14.9659,14.9476,167.426,28.6626,0.114513,0.0879891,0.071958,0.052149,0.102344,0.072447,0.0535592,0.0422987
CFA3K,16.5908,16.0435,15.8913,15.7456,16.2297,15.8821,15.7697,15.756,167.41,28.7169,0.104936,0.0806302,0.0659398,0.0477876,0.0937841,0.0663879,0.0490798,0.038761
CFA3K,17.6808,16.9995,16.7873,16.5636,17.2338,16.7668,16.5752,16.4992,167.4,28.676,0.112877,0.0867318,0.0709298,0.0514039,0.100881,0.0714118,0.0527939,0.0416943
CFA3K,17.9758,17.5055,17.3933,17.2966,17.6443,17.3826,17.27,17.251,167.295,28.6268,0.0971354,0.0746364,0.0610381,0.0442352,0.0868126,0.0614529,0.0454314,0.0358797
CFA3K,15.9138,15.3235,15.1813,15.0566,15.4854,15.1336,15.0258,15.0225,167.292,28.5734,0.0913111,0.0701612,0.0573782,0.0415829,0.0816073,0.0577682,0.0427073,0.0337283
CFA3K,18.1878,17.5965,17.4313,17.3066,17.7436,17.3898,17.2442,17.2166,167.292,28.553,0.0880806,0.067679,0.0553482,0.0401117,0.0787201,0.0557244,0.0411964,0.032535
CFA3K,16.1662,15.5757,15.3975,15.2457,15.7895,15.3933,15.2464,15.2065,159.898,5.10716,0.0915634,0.0703551,0.0575367,0.0416978,0.0818327,0.0579278,0.0428253,0.0338215
CFA3K,16.1529,15.5998,15.4211,15.2763,15.81,15.4293,15.2888,15.2677,159.884,5.21809,0.0882,0.0677707,0.0554232,0.040166,0.0788267,0.0557999,0.0412522,0.0325791
CFA3K,16.3978,15.7043,15.4826,15.3033,15.952,15.4808,15.2939,15.2553,159.857,5.17213,0.0894082,0.068699,0.0561824,0.0407163,0.0799065,0.0565643,0.0418173,0.0330254
CFA3K,17.3489,16.8603,16.7162,16.5765,17.0278,16.6963,16.5922,16.5865,183.661,12.246,0.0945391,0.0726415,0.0594066,0.0430529,0.0844921,0.0598103,0.0442171,0.0349207
CFA3K,17.8429,17.3523,17.1767,17.0295,17.5256,17.164,17.0228,16.9622,183.66,12.1854,0.094231,0.0724048,0.059213,0.0429126,0.0842169,0.0596155,0.044073,0.0348069
CFA3K,17.8974,17.1973,16.9842,16.7795,17.4486,16.9518,16.7703,16.6972,183.646,12.1699,0.0952281,0.0731709,0.0598395,0.0433666,0.0851079,0.0602462,0.0445393,0.0351752
CFA3K,18.3519,17.8713,17.7127,17.573,18.0378,17.7283,17.6031,17.587,183.614,12.2592,0.0971937,0.0746812,0.0610747,0.0442618,0.0868647,0.0614898,0.0454586,0.0359012
CFA3K,15.9984,15.4353,15.2872,15.153,15.6029,15.2559,15.1385,15.107,183.605,12.1458,0.0967841,0.0743665,0.0608173,0.0440752,0.0864986,0.0612306,0.0452671,0.0357499
CFA3K,16.7143,15.8363,15.4852,15.2015,16.1912,15.4803,15.2275,15.1229,183.579,12.241,0.098199,0.0754536,0.0617064,0.0447196,0.0877631,0.0621258,0.0459288,0.0362725
CFA3K,17.8069,17.0988,16.8597,16.669,17.3353,16.8647,16.6908,16.6262,183.573,12.1652,0.0962702,0.0739717,0.0604944,0.0438412,0.0860393,0.0609056,0.0450267,0.0355601
CFA3K,16.1404,15.6975,15.5952,15.5238,15.8303,15.58,15.5149,15.5393,159.303,65.0119,0.0480959,0.0369557,0.0302226,0.0219028,0.0429847,0.030428,0.022495,0.0177656
CFA3K,15.4876,15.0086,14.8859,14.7663,15.1942,14.912,14.7767,14.7587,171.08,-12.2748,0.158465,0.12176,0.0995764,0.0721645,0.141624,0.100253,0.0741159,0.0585334
CFA3K,16.2556,15.5926,15.4149,15.2633,15.7791,15.3913,15.243,15.2163,170.921,-12.3468,0.160468,0.123299,0.100835,0.0730765,0.143414,0.10152,0.0750526,0.0592732
CFA3K,15.9801,15.4301,15.2864,15.1697,15.6342,15.2956,15.1817,15.1698,128.458,41.4769,0.122021,0.0937579,0.0766757,0.0555681,0.109054,0.0771969,0.0570707,0.0450719
CFA3K,17.0195,16.2955,16.0888,15.9176,16.5569,16.0863,15.9321,15.8888,128.432,41.4711,0.12167,0.0934879,0.0764549,0.055408,0.108739,0.0769745,0.0569063,0.0449421
CFA3K,16.1611,15.401,15.1398,14.9362,15.71,15.1594,14.9731,14.9067,128.41,41.5919,0.111272,0.0854984,0.069921,0.0506728,0.0994465,0.0703962,0.0520431,0.0411013
CFA3K,17.0596,16.289,16.0368,15.8272,16.5854,16.0365,15.8419,15.7693,128.4,41.5073,0.118356,0.0909419,0.0743728,0.0538991,0.105778,0.0748782,0.0553566,0.0437181
CFA3K,17.2846,16.7186,16.5709,16.4373,16.8838,16.5349,16.4242,16.4126,128.359,41.4492,0.122773,0.0943356,0.0771481,0.0559104,0.109725,0.0776725,0.0574223,0.0453496
CFA3K,16.6655,16.0305,15.8283,15.6666,16.251,15.8323,15.6857,15.65,128.268,41.5574,0.121658,0.0934788,0.0764474,0.0554026,0.108729,0.076967,0.0569008,0.0449377
CFA3K,16.176,15.3925,15.1178,14.8867,15.7016,15.12,14.9063,14.829,128.265,41.5451,0.122829,0.0943787,0.0771834,0.055936,0.109776,0.077708,0.0574485,0.0453703
CFA3K,17.5885,16.957,16.8316,16.6657,17.1953,16.8365,16.701,16.6712,128.258,41.572,0.120662,0.0927134,0.0758215,0.054949,0.107839,0.0763368,0.0564349,0.0445698
CFA3K,18.7879,17.8871,17.55,17.3354,18.2518,17.542,17.2945,17.1997,174.669,20.456,0.0840756,0.0646016,0.0528315,0.0382878,0.0751406,0.0531906,0.0393231,0.0310557
CFA3K,16.1289,15.5011,15.363,15.2344,15.7268,15.3547,15.238,15.2382,174.646,20.5555,0.0923803,0.0709827,0.05805,0.0420697,0.0825628,0.0584446,0.0432073,0.0341232
CFA3K,18.5839,18.1061,18.065,17.9464,18.3052,18.0441,17.9815,17.9795,174.611,20.6009,0.0922138,0.0708548,0.0579454,0.0419939,0.082414,0.0583392,0.0431295,0.0340617
CFA3K,16.4129,15.8201,15.67,15.5274,16.0603,15.6771,15.5523,15.5317,174.574,20.5999,0.0937003,0.071997,0.0588795,0.0426709,0.0837425,0.0592797,0.0438248,0.0346108
CFA3K,16.6389,15.7441,15.43,15.1794,16.1345,15.4689,15.2186,15.1403,174.562,20.6159,0.0928057,0.0713096,0.0583174,0.0422635,0.082943,0.0587137,0.0434063,0.0342804
CFA3K,16.4391,15.7076,15.476,15.2746,15.9645,15.4665,15.2856,15.2266,226.167,35.9378,0.0483474,0.0371489,0.0303806,0.0220173,0.0432094,0.0305871,0.0226126,0.0178585
CFA3K,16.9467,16.1266,15.8627,15.6256,16.4541,15.8758,15.6562,15.5709,226.114,36.0318,0.0433492,0.0333084,0.0272398,0.0197411,0.0387423,0.0274249,0.0202749,0.0160122
CFA3K,16.1985,15.476,15.2754,15.1186,15.7054,15.2515,15.1074,15.0786,226.08,35.9502,0.0510938,0.0392592,0.0321064,0.023268,0.0456639,0.0323246,0.0238972,0.0188729
CFA3K,16.1891,15.6903,15.565,15.4516,15.8297,15.5383,15.442,15.436,226.061,35.9499,0.0508266,0.0390539,0.0319385,0.0231463,0.0454252,0.0321556,0.0237722,0.0187742
CFA3K,16.7275,16.1321,15.954,15.7838,16.3796,15.9626,15.7982,15.7497,280.066,39.9655,0.205103,0.157596,0.128883,0.0934032,0.183306,0.129759,0.0959289,0.0757604
CFA3K,16.5325,15.8721,15.6755,15.4979,16.1454,15.698,15.5332,15.4895,280.041,40.0162,0.209909,0.161289,0.131903,0.0955919,0.187601,0.132799,0.0981768,0.0775356
CFA3K,16.3695,15.6051,15.343,15.0999,15.9391,15.3835,15.1559,15.0505,280.032,40.0651,0.212926,0.163607,0.133798,0.0969657,0.190297,0.134708,0.0995878,0.07865
CFA3K,16.53,16.1141,15.9905,15.8813,16.2508,15.9948,15.8933,15.8784,280.01,39.967,0.203447,0.156323,0.127842,0.0926491,0.181826,0.128711,0.0951544,0.0751487
CFA3K,17.178,16.5561,16.3735,16.2194,16.8002,16.4277,16.2717,16.2545,280.001,39.9892,0.206651,0.158786,0.129856,0.0941085,0.18469,0.130738,0.0966533,0.0763324
CFA3K,16.357,15.6571,15.434,15.2644,15.9276,15.4625,15.2879,15.2456,279.963,40.0103,0.208198,0.159974,0.130827,0.0948126,0.186072,0.131717,0.0973765,0.0769036
CFA3K,16.7035,16.0486,15.8505,15.6988,16.3128,15.8835,15.7273,15.6959,279.883,40.0417,0.201284,0.154662,0.126483,0.0916643,0.179893,0.127343,0.094143,0.07435
CFA3K,18.1689,17.4469,17.1575,16.9383,17.6915,17.1525,16.9277,16.8438,202.566,13.3336,0.0766589,0.0589028,0.048171,0.0349103,0.0685122,0.0484984,0.0358543,0.0283161
CFA3K,16.7359,15.7799,15.4405,15.1073,16.1433,15.432,15.1138,14.9728,202.529,13.3712,0.0795463,0.0611214,0.0499854,0.0362252,0.0710927,0.0503251,0.0372047,0.0293826
CFA3K,16.0029,15.3109,15.0725,14.8523,15.5634,15.0672,14.8783,14.8189,202.515,13.4768,0.081871,0.0629077,0.0514462,0.0372839,0.0731704,0.0517959,0.0382921,0.0302414
CFA3K,17.7009,17.2139,17.0925,16.9823,17.3658,17.0746,16.9672,16.9562,202.509,13.3733,0.0798875,0.0613836,0.0501998,0.0363806,0.0713976,0.050541,0.0373643,0.0295087
CFA3K,16.0839,15.3239,15.0575,14.8483,15.5736,15.0335,14.8321,14.762,202.443,13.3306,0.0706128,0.0542571,0.0443717,0.0321569,0.0631086,0.0446733,0.0330264,0.0260828
CFA3K,17.1867,16.6424,16.4874,16.3651,16.859,16.5123,16.3833,16.3367,239.197,20.1006,0.173548,0.13335,0.109054,0.0790331,0.155104,0.109795,0.0811703,0.0641047
CFA3K,16.2657,15.4644,15.216,14.9994,15.8022,15.2405,15.0254,14.9414,239.168,20.118,0.176077,0.135293,0.110643,0.080185,0.157365,0.111395,0.0823533,0.0650389
CFA3K,16.2061,15.7131,15.5831,15.4791,15.866,15.5779,15.4792,15.4772,239.133,20.0178,0.168668,0.1296,0.105988,0.076811,0.150743,0.106708,0.078888,0.0623022
CFA3K,16.333,15.6074,15.374,15.1817,15.8481,15.3553,15.1707,15.109,239.097,20.0072,0.168599,0.129547,0.105944,0.0767795,0.150681,0.106664,0.0788557,0.0622767
CFA3K,16.996,16.3794,16.2087,16.0354,16.559,16.1748,16.0165,15.9722,239.066,20.0017,0.168396,0.129391,0.105817,0.0766871,0.1505,0.106536,0.0787608,0.0622018
CFA3K,17.3375,16.8707,16.7348,16.585,17.0464,16.7144,16.5949,16.5706,208.256,5.32082,0.0912756,0.0701339,0.0573559,0.0415667,0.0815755,0.0577457,0.0426907,0.0337152
CFA3K,17.7235,17.0127,16.7658,16.513,17.2704,16.7676,16.5376,16.4418,208.229,5.33347,0.0908301,0.0697916,0.0570759,0.0413638,0.0811773,0.0574638,0.0424823,0.0335506
CFA3K,16.6555,15.9197,15.6758,15.5,16.1876,15.674,15.4956,15.4382,208.218,5.27146,0.0880155,0.0676289,0.0553073,0.040082,0.0786618,0.0556832,0.0411659,0.032511
CFA3K,15.9705,15.3427,15.1588,15.01,15.5704,15.1509,15.0172,14.9875,208.192,5.26187,0.0861315,0.0661813,0.0541234,0.039224,0.076978,0.0544912,0.0402847,0.0318151
CFA3K,16.7275,16.1837,16.0118,15.848,16.4083,16.0134,15.8683,15.8372,208.191,5.38285,0.0920835,0.0707547,0.0578636,0.0419346,0.0822975,0.0582568,0.0430686,0.0340136
CFA3K,17.4655,17.0717,16.9538,16.848,17.1916,16.9405,16.8502,16.8347,208.19,5.32487,0.0897444,0.0689574,0.0563937,0.0408694,0.080207,0.056777,0.0419745,0.0331496
CFA3K,16.0935,15.3757,15.1468,14.966,15.638,15.1424,14.9703,14.911,208.172,5.26488,0.0853189,0.0655569,0.0536128,0.038854,0.0762518,0.0539772,0.0399046,0.0315149
CFA3K,16.3119,15.7172,15.5357,15.3777,15.9397,15.554,15.4162,15.3723,218.541,3.87345,0.121654,0.0934757,0.0764449,0.0554008,0.108725,0.0769645,0.0568989,0.0449362
CFA3K,16.3384,15.4327,15.0657,14.7472,15.8391,15.1062,14.8051,14.6729,218.5,3.88279,0.123962,0.0952494,0.0778955,0.056452,0.110788,0.0784249,0.0579786,0.0457889
CFA3K,15.7744,15.1417,14.9687,14.8192,15.3514,14.9651,14.8226,14.7952,218.435,3.71991,0.130379,0.10018,0.081928,0.0593745,0.116524,0.0824848,0.06098,0.0481593
CFA3K,17.0893,16.5376,16.37,16.1988,16.7712,16.3759,16.2094,16.1616,195.232,27.9678,0.033126,0.0254532,0.0208157,0.0150855,0.0296056,0.0209572,0.0154934,0.012236
CFA3K,15.7296,15.2936,15.165,15.0518,15.492,15.1945,15.0815,15.0775,195.144,28.0432,0.0374101,0.028745,0.0235078,0.0170365,0.0334344,0.0236676,0.0174971,0.0138185
CFA3K,16.6594,15.726,15.3751,15.0969,16.0799,15.36,15.0808,14.9827,195.117,27.9107,0.0336709,0.0258719,0.0211582,0.0153337,0.0300926,0.021302,0.0157483,0.0124373
CFA3K,15.6767,15.1583,15.0011,14.8938,15.3484,15.0209,14.9107,14.9086,195.102,28.0136,0.036478,0.0280288,0.0229221,0.016612,0.0326014,0.0230779,0.0170612,0.0134742
CFA3K,16.5623,15.6823,15.3697,15.1695,16.0081,15.3685,15.1674,15.1094,195.091,27.9564,0.0357573,0.027475,0.0224692,0.0162838,0.0319573,0.0226219,0.0167241,0.013208
CFA3K,16.3987,15.7063,15.4849,15.3165,15.9915,15.5151,15.3354,15.2865,242.574,43.0439,0.0384529,0.0295463,0.0241631,0.0175114,0.0343664,0.0243273,0.0179849,0.0142037
CFA3K,17.1591,16.6473,16.4989,16.3679,16.8309,16.5021,16.3781,16.3569,242.541,43.157,0.05199,0.0399478,0.0326696,0.0236761,0.0464649,0.0328916,0.0243164,0.019204
CFA3K,16.7334,16.1866,16.0328,15.9188,16.3863,16.0334,15.9159,15.8968,242.514,43.049,0.0394431,0.0303071,0.0247853,0.0179623,0.0352513,0.0249537,0.018448,0.0145694
CFA3K,16.584,15.8186,15.5278,15.2792,16.1592,15.5804,15.3375,15.2462,242.431,43.2183,0.0464644,0.0357021,0.0291973,0.0211598,0.0415265,0.0293958,0.0217319,0.0171629
CFA3K,16.8842,16.3337,16.1792,16.066,16.5125,16.1578,16.0509,16.0491,163.506,46.0691,0.0543506,0.0417616,0.0341529,0.0247511,0.0485746,0.034385,0.0254204,0.0200759
CFA3K,16.0899,15.216,14.9105,14.7093,15.5239,14.8871,14.6936,14.6413,163.487,46.0053,0.052734,0.0405195,0.0331371,0.0240149,0.0471298,0.0333623,0.0246643,0.0194788
CFA3K,16.9359,16.1664,15.8936,15.6447,16.4394,15.8786,15.6492,15.5605,163.431,46.0563,0.0508883,0.0391013,0.0319772,0.0231744,0.0454802,0.0321946,0.023801,0.018797
CFA3K,18.7359,18.3417,18.2292,18.078,18.495,18.21,18.1,18.0841,163.429,46.0929,0.0480796,0.0369432,0.0302123,0.0218953,0.0429701,0.0304177,0.0224874,0.0177596
CFA3K,16.8833,16.1241,15.8999,15.757,16.4275,15.9332,15.7825,15.7422,196.322,28.6767,0.037328,0.0286819,0.0234562,0.0169991,0.033361,0.0236156,0.0174587,0.0137881
CFA3K,15.7923,15.2831,15.1519,15.039,15.4713,15.1691,15.0682,15.0614,196.311,28.7317,0.0371972,0.0285814,0.023374,0.0169395,0.0332442,0.0235329,0.0173976,0.0137398
CFA3K,17.1043,16.5241,16.3789,16.242,16.7401,16.4053,16.2779,16.2596,196.303,28.7436,0.0381171,0.0292883,0.0239521,0.0173584,0.0340663,0.0241149,0.0178278,0.0140796
CFA3K,16.9223,16.4271,16.2739,16.126,16.6191,16.3084,16.1686,16.1306,196.299,28.7956,0.0407427,0.0313057,0.025602,0.0185541,0.0364129,0.025776,0.0190559,0.0150495
CFA3K,18.5703,17.9221,17.7339,17.499,18.1604,17.746,17.5671,17.5097,196.271,28.6994,0.0389608,0.0299365,0.0244823,0.0177427,0.0348204,0.0246486,0.0182224,0.0143913
CFA3K,15.9103,15.3101,15.1529,15.029,15.5077,15.1648,15.0465,15.0257,196.233,28.7078,0.0396332,0.0304531,0.0249047,0.0180488,0.0354212,0.025074,0.0185369,0.0146396
CFA3K,15.8805,15.3791,15.2539,15.1254,15.5735,15.2599,15.1578,15.1423,194.926,28.3616,0.039511,0.0303593,0.024828,0.0179932,0.0353121,0.0249967,0.0184798,0.0145945
CFA3K,16.2632,15.6075,15.3943,15.1995,15.8652,15.4048,15.2314,15.1774,194.913,28.3678,0.0403199,0.0309808,0.0253363,0.0183616,0.036035,0.0255085,0.0188581,0.0148933
CFA3K,16.1245,15.5478,15.3759,15.2355,15.7454,15.3749,15.2571,15.233,194.844,28.3526,0.0411612,0.0316272,0.0258649,0.0187447,0.0367869,0.0260407,0.0192516,0.015204
CFA3K,16.7939,16.1055,15.8716,15.6972,16.3555,15.8785,15.7102,15.6663,194.823,28.3485,0.0408937,0.0314217,0.0256968,0.0186229,0.0365478,0.0258715,0.0191265,0.0151052
CFA3K,16.0455,15.3628,15.1536,14.9875,15.6473,15.2664,15.0391,15.0035,194.804,28.4372,0.0380316,0.0292225,0.0238983,0.0173195,0.0339899,0.0240608,0.0177878,0.014048
CFA3K,17.1897,16.3933,16.1298,15.9245,16.7351,16.1579,15.9438,15.873,320.142,-1.66522,0.163692,0.125777,0.102861,0.0745451,0.146296,0.10356,0.0765609,0.0604644
CFA3K,16.1057,15.3793,15.1488,14.9665,15.6983,15.1735,14.9817,14.9258,320.141,-1.68062,0.164448,0.126358,0.103336,0.0748891,0.146971,0.104038,0.0769142,0.0607434
CFA3K,16.5677,15.9143,15.7218,15.5835,16.1537,15.7279,15.5743,15.5256,320.084,-1.7571,0.174793,0.134307,0.109837,0.0796003,0.156217,0.110583,0.0817527,0.0645647
CFA3K,16.4007,15.8943,15.7498,15.6355,16.0685,15.7549,15.6378,15.6351,320.072,-1.66361,0.165314,0.127024,0.103881,0.0752838,0.147746,0.104587,0.0773196,0.0610635
CFA3K,16.4967,15.6153,15.2588,14.9845,15.9773,15.2716,14.9745,14.8553,320.065,-1.75468,0.176138,0.13534,0.110682,0.0802128,0.157419,0.111434,0.0823818,0.0650615
CFA3K,16.8667,16.0663,15.7778,15.5355,16.35,15.778,15.528,15.4378,320.06,-1.70399,0.168926,0.129798,0.10615,0.0769284,0.150974,0.106871,0.0790087,0.0623975
CFA3K,17.1097,16.4823,16.2848,16.1285,16.6813,16.2667,16.1064,16.0602,320.038,-1.73452,0.17495,0.134427,0.109935,0.0796719,0.156358,0.110683,0.0818263,0.0646227
CFA3K,18.2497,17.6333,17.4618,17.3325,17.8591,17.4699,17.3338,17.3132,320.033,-1.65243,0.165746,0.127355,0.104152,0.0754803,0.148132,0.10486,0.0775214,0.0612229
CFA3K,16.1477,15.4633,15.2498,15.0965,15.7515,15.2833,15.1198,15.077,320.02,-1.60413,0.162488,0.124852,0.102105,0.0739967,0.14522,0.102798,0.0759976,0.0600195
CFA3K,16.8957,16.2974,16.1169,15.9821,16.4884,16.1128,15.9811,15.9435,184.806,22.4015,0.0893607,0.0686625,0.0561526,0.0406946,0.0798641,0.0565342,0.041795,0.0330079
CFA3K,16.0125,15.3723,15.186,15.0256,15.6085,15.1882,15.0344,15.0009,201.14,30.953,0.0493611,0.0379278,0.0310176,0.0224789,0.0441154,0.0312284,0.0230868,0.0182329
CFA3K,18.297,17.7353,17.5775,17.4216,17.9471,17.5718,17.4226,17.407,201.111,30.9424,0.0493231,0.0378986,0.0309937,0.0224616,0.0440814,0.0312043,0.023069,0.0182189
CFA3K,18.7895,17.9668,17.628,17.3406,18.2822,17.6216,17.362,17.2524,201.101,30.9078,0.0452498,0.0347688,0.0284341,0.0206067,0.040441,0.0286274,0.0211639,0.0167143
CFA3K,17.8088,17.3684,17.2127,17.0811,17.6122,17.3062,17.1816,17.1311,222.187,-4.70239,0.294331,0.226157,0.184952,0.134038,0.263052,0.186209,0.137662,0.108719
CFA3K,16.2888,15.6799,15.4597,15.2566,15.8854,15.4684,15.288,15.2063,222.186,-4.80444,0.268718,0.206476,0.168857,0.122373,0.24016,0.170005,0.125682,0.0992584
CFA3K,17.0388,16.499,16.3039,16.1562,16.6976,16.3187,16.1819,16.1271,222.176,-4.66287,0.299978,0.230496,0.188501,0.136609,0.268098,0.189782,0.140303,0.110805
CFA3K,16.2629,15.5445,15.2948,15.1052,15.8089,15.2967,15.1114,15.0411,222.169,-4.72968,0.294086,0.225968,0.184798,0.133926,0.262832,0.186054,0.137547,0.108629
CFA3K,17.2783,16.6955,16.4454,16.2452,17.0525,16.6048,16.4218,16.3611,222.169,-4.66971,0.301353,0.231552,0.189364,0.137235,0.269327,0.190651,0.140946,0.111313
CFA3K,16.1002,15.5849,15.4167,15.2751,15.788,15.4352,15.294,15.262,222.167,-4.68186,0.301075,0.231339,0.18919,0.137109,0.269079,0.190476,0.140816,0.111211
CFA3K,17.8918,17.304,17.1064,16.8672,17.5369,17.0893,16.9239,16.8629,222.147,-4.79959,0.268783,0.206526,0.168898,0.122403,0.240218,0.170046,0.125713,0.0992824
CFA3K,18.1508,17.6745,17.4668,17.3367,17.8615,17.5545,17.4087,17.3769,222.142,-4.65918,0.305878,0.235029,0.192208,0.139296,0.273372,0.193514,0.143063,0.112985
CFA3K,17.0164,16.3755,16.1498,15.9812,16.614,16.1795,16.0037,15.9444,222.133,-4.76652,0.277677,0.21336,0.174487,0.126454,0.248168,0.175673,0.129873,0.102568
CFA3K,17.0194,16.394,16.1884,15.9782,16.6506,16.2129,16.0387,15.9629,222.126,-4.678,0.303591,0.233272,0.190771,0.138255,0.271328,0.192068,0.141993,0.11214
CFA3K,17.0538,16.0705,15.6884,15.3847,16.4483,15.6951,15.4062,15.278,222.076,-4.81391,0.256444,0.197045,0.161145,0.116784,0.229191,0.16224,0.119942,0.0947247
CFA3K,18.0819,17.3475,17.2054,16.9467,17.6422,17.1934,17.0159,16.9493,222.06,-4.66439,0.298676,0.229495,0.187682,0.136016,0.266935,0.188958,0.139694,0.110324
CFA3K,17.6703,17.1063,16.9198,16.753,17.2895,16.9,16.7645,16.7326,9.77274,-8.94108,0.120326,0.0924555,0.0756106,0.0547961,0.107539,0.0761245,0.0562779,0.0444458
CFA3K,18.6323,18.0718,17.9108,17.7795,18.2777,17.8642,17.7148,17.6758,9.76164,-9.0244,0.121011,0.0929815,0.0760408,0.0551079,0.10815,0.0765576,0.0565981,0.0446986
CFA3K,18.6843,17.9408,17.6087,17.3651,18.2526,17.6297,17.3745,17.2734,9.71846,-8.95921,0.123016,0.0945224,0.0773009,0.0560212,0.109943,0.0778263,0.057536,0.0454394
CFA3K,17.0517,16.5539,16.4188,16.2804,16.7188,16.3858,16.2711,16.2593,36.5284,41.9331,0.207671,0.159569,0.130496,0.0945728,0.185601,0.131383,0.0971301,0.076709
CFA3K,15.9802,15.1799,14.9298,14.7148,15.4743,14.9089,14.7183,14.658,36.5225,41.8602,0.204904,0.157443,0.128758,0.0933128,0.183128,0.129633,0.0958361,0.0756871
CFA3K,17.5757,17.0839,16.9288,16.8004,17.2749,16.9047,16.7787,16.7516,36.5186,41.922,0.205876,0.15819,0.129369,0.0937556,0.183997,0.130248,0.0962909,0.0760462
CFA3K,16.573,15.9432,15.7128,15.5041,16.1548,15.7005,15.5243,15.4299,36.5176,41.8938,0.204646,0.157245,0.128596,0.0931953,0.182898,0.12947,0.0957154,0.0755917
CFA3K,17.6883,17.0616,16.8882,16.6941,17.2666,16.8625,16.6959,16.6565,36.5078,41.9113,0.204127,0.156846,0.128269,0.0929587,0.182433,0.129141,0.0954724,0.0753998
CFA3K,16.7564,16.1042,15.8874,15.7067,16.3223,15.862,15.7005,15.6624,36.4983,41.9959,0.218462,0.167861,0.137278,0.0994872,0.195246,0.138211,0.102177,0.0806951
CFA3K,16.2225,15.6612,15.4901,15.3481,15.88,15.4951,15.3574,15.3427,36.4779,42.0228,0.221426,0.170138,0.13914,0.100837,0.197894,0.140085,0.103563,0.0817898
CFA3K,17.1506,16.2559,15.9475,15.7114,16.5969,15.9341,15.6921,15.6034,36.4131,41.8679,0.199733,0.15347,0.125508,0.0909579,0.178507,0.126361,0.0934175,0.0737769
CFA3K,17.4539,16.9962,16.8408,16.6897,17.2098,16.8667,16.7413,16.7298,36.4105,42.0138,0.216911,0.166669,0.136303,0.0987809,0.19386,0.137229,0.101452,0.0801223
CFA3K,16.4766,16.1649,16.0968,16.0351,16.4817,16.1628,16.053,16.0404,36.4083,41.9929,0.212965,0.163637,0.133823,0.0969838,0.190333,0.134733,0.0996063,0.0786646
CFA3K,15.7882,15.1239,14.9138,14.7528,15.3404,14.9062,14.7485,14.7161,36.4055,41.9618,0.207426,0.159381,0.130343,0.0944614,0.185383,0.131229,0.0970158,0.0766187
CFA3K,15.691,15.2052,15.0594,14.9417,15.3779,15.0706,14.962,14.9465,36.4053,42.0325,0.220535,0.169453,0.13858,0.100431,0.197098,0.139522,0.103147,0.0814607
CFA3K,16.8718,16.2166,16.0318,15.8728,16.4086,16.0032,15.8449,15.813,36.3817,41.8643,0.199965,0.153648,0.125654,0.0910634,0.178714,0.126508,0.0935258,0.0738625
CFA3K,16.0159,15.4676,15.2872,15.1318,15.6426,15.2824,15.1289,15.0975,36.3813,41.9644,0.207816,0.15968,0.130588,0.0946388,0.185731,0.131475,0.0971979,0.0767626
CFA3K,16.5646,15.7869,15.5281,15.3198,16.0595,15.518,15.309,15.2505,36.372,41.9258,0.203844,0.156628,0.128092,0.0928299,0.182181,0.128962,0.0953401,0.0752954
CFA3K,17.5069,16.5716,16.2102,15.9315,16.9241,16.2131,15.9307,15.8206,36.3566,41.9479,0.205057,0.157561,0.128854,0.0933825,0.183265,0.12973,0.0959076,0.0757436
CFA3K,16.1287,15.2849,14.9961,14.7548,15.5843,14.9881,14.7516,14.6584,36.3539,41.8834,0.202187,0.155355,0.12705,0.0920753,0.1807,0.127914,0.0945651,0.0746833
CFA3K,16.903,16.0962,15.8531,15.6577,16.3596,15.8068,15.6362,15.5879,36.3495,41.8901,0.202772,0.155805,0.127418,0.092342,0.181223,0.128284,0.094839,0.0748996
CFA3K,17.9153,17.0925,16.75,16.438,17.4343,16.7669,16.462,16.3271,347.575,30.2703,0.222105,0.17066,0.139567,0.101146,0.198501,0.140515,0.103881,0.0820406
CFA3K,16.1817,15.5479,15.383,15.2254,15.7846,15.3885,15.251,15.2265,347.56,30.1899,0.220099,0.169119,0.138306,0.100233,0.196709,0.139246,0.102943,0.0812999
CFA3K,16.4882,15.8309,15.6367,15.4517,16.0718,15.6437,15.4715,15.423,347.559,30.1663,0.218025,0.167525,0.137003,0.0992882,0.194855,0.137934,0.101973,0.0805337
CFA3K,18.6527,18.0009,17.7407,17.5324,18.1977,17.7382,17.5489,17.4904,347.514,30.2437,0.224401,0.172424,0.141009,0.102191,0.200553,0.141967,0.104955,0.0828886
CFA3K,17.7522,17.1339,16.9104,16.7614,17.3367,16.9339,16.78,16.73,347.466,30.2306,0.226327,0.173904,0.142219,0.103069,0.202274,0.143186,0.105856,0.0836001
CFA3K,17.1085,16.4862,16.2787,16.1004,16.7231,16.3033,16.1358,16.0768,347.457,30.2558,0.225723,0.17344,0.14184,0.102794,0.201735,0.142804,0.105573,0.083377
CFA3K,16.2757,15.4569,15.1637,14.9351,15.7788,15.1839,14.9749,14.8907,347.454,30.2459,0.226137,0.173758,0.1421,0.102982,0.202105,0.143066,0.105767,0.0835301
CFA3K,17.6753,17.1035,16.9583,16.8127,17.3269,16.9753,16.8368,16.8145,347.44,30.2573,0.22614,0.173761,0.142102,0.102984,0.202108,0.143068,0.105768,0.0835312
CFA3K,18.6257,18.0049,17.8997,17.7611,18.3056,17.9645,17.8238,17.7884,347.431,30.2143,0.228876,0.175862,0.143821,0.104229,0.204552,0.144799,0.107048,0.0845416
CFA3K,15.6398,15.1069,14.958,14.8345,15.3089,14.9655,14.8387,14.8318,10.7588,-23.5454,0.0673936,0.0517836,0.0423489,0.0306909,0.0602315,0.0426367,0.0315208,0.0248937
CFA3K,16.8948,16.3989,16.279,16.1645,16.5783,16.2732,16.1405,16.1107,10.7436,-23.6172,0.0659314,0.0506601,0.0414301,0.030025,0.0589247,0.0417117,0.0308369,0.0243536
CFA3K,16.5438,16.0289,15.868,15.7305,16.2602,15.8988,15.7629,15.741,10.7198,-23.4696,0.0672368,0.0516631,0.0422503,0.0306195,0.0600913,0.0425375,0.0314474,0.0248358
CFA3K,15.6848,15.0679,14.904,14.7725,15.2703,14.892,14.7476,14.7275,10.6699,-23.6056,0.0663886,0.0510114,0.0417174,0.0302332,0.0593333,0.0420009,0.0310508,0.0245225
CFA3K,15.8923,15.2896,15.1089,14.9331,15.5161,15.1045,14.9616,14.9363,300.792,49.2844,0.662267,0.50887,0.416156,0.301595,0.591886,0.418985,0.30975,0.244627
CFA3K,16.4813,15.8876,15.6959,15.5041,16.1147,15.6777,15.5095,15.4599,300.791,49.3856,0.674782,0.518486,0.42402,0.307294,0.603071,0.426902,0.315604,0.24925
CFA3K,17.6593,16.9566,16.7129,16.4781,17.2205,16.6874,16.469,16.3909,300.776,49.3026,0.661856,0.508554,0.415898,0.301408,0.591519,0.418725,0.309558,0.244475
CFA3K,17.4023,16.4936,16.1489,15.8431,16.8746,16.1528,15.8689,15.7445,300.739,49.3917,0.669355,0.514315,0.42061,0.304822,0.598221,0.423469,0.313065,0.247245
CFA3K,16.6973,16.0086,15.7749,15.5131,16.2626,15.7533,15.5473,15.4739,300.714,49.3085,0.675727,0.519211,0.424614,0.307724,0.603915,0.4275,0.316045,0.249599
CFA3K,17.8613,17.1976,17.0029,16.7921,17.4814,17.0043,16.8269,16.7532,300.653,49.3547,0.681768,0.523853,0.42841,0.310475,0.609314,0.431322,0.318871,0.25183
CFA3K,18.7863,18.0936,17.7989,17.5201,18.358,17.8037,17.56,17.4837,300.64,49.3389,0.685277,0.52655,0.430615,0.312073,0.61245,0.433542,0.320512,0.253126
CFA3K,16.1237,15.3546,15.0636,14.8116,15.6548,15.062,14.8143,14.7195,49.4341,-1.75599,0.279207,0.214536,0.175449,0.12715,0.249535,0.176641,0.130589,0.103133
CFA3K,15.8897,15.2626,15.0556,14.8596,15.4744,15.0483,14.872,14.8109,49.3578,-1.71147,0.281031,0.215937,0.176595,0.127981,0.251165,0.177795,0.131442,0.103807
CFA3K,15.9518,15.3832,15.2017,15.0651,15.585,15.2048,15.0657,15.0559,338.051,30.8943,0.30373,0.233379,0.190859,0.138318,0.271452,0.192156,0.142058,0.112191
CFA3K,18.8817,18.0998,17.7812,17.4731,18.3799,17.7706,17.4809,17.3749,14.0843,-1.60576,0.126312,0.0970549,0.079372,0.0575221,0.112888,0.0799114,0.0590775,0.0466568
CFA3K,17.2082,16.3296,15.9857,15.7008,16.6961,16.0239,15.7502,15.6252,344.691,15.1891,0.157647,0.121132,0.0990627,0.0717922,0.140894,0.099736,0.0737336,0.0582315
CFA3K,17.7642,16.9636,16.7407,16.5228,17.3725,16.7604,16.5369,16.4484,344.613,15.2539,0.155267,0.119304,0.0975671,0.0707084,0.138767,0.0982302,0.0726204,0.0573524
CFA3K,17.7592,17.0616,16.8397,16.6478,17.3944,16.881,16.6941,16.6263,344.597,15.2541,0.154145,0.118442,0.0968621,0.0701975,0.137764,0.0975204,0.0720957,0.0569379
CFA3K,17.3062,16.6586,16.4777,16.2998,16.9577,16.5028,16.3481,16.2867,344.579,15.2273,0.1511,0.116101,0.0949483,0.0688105,0.135042,0.0955936,0.0706712,0.0558129
CFA3K,16.9572,16.4556,16.0777,15.8798,16.8934,16.3203,16.1006,16.0055,344.556,15.2648,0.151669,0.116539,0.0953058,0.0690696,0.135551,0.0959536,0.0709373,0.0560231
CFA3K,15.8367,15.3708,15.236,15.0933,15.5108,15.2214,15.0953,15.0688,75.4883,-21.0982,0.0970331,0.0745579,0.0609738,0.0441887,0.0867212,0.0613882,0.0453836,0.0358419
CFA3K,16.2675,15.6747,15.4737,15.3222,15.8919,15.4747,15.3049,15.2674,79.4434,-23.844,0.117968,0.090644,0.0741292,0.0537225,0.105432,0.074633,0.0551753,0.043575
CFA3K,16.5466,15.9013,15.7038,15.5544,16.1319,15.6954,15.5548,15.5294,79.4263,-23.7986,0.117758,0.090482,0.0739967,0.0536265,0.105243,0.0744996,0.0550766,0.0434971
CFA3K,16.701,16.1677,15.9797,15.8458,16.3389,15.9759,15.8328,15.8153,79.426,-23.7895,0.117863,0.0905628,0.0740628,0.0536744,0.105337,0.0745661,0.0551258,0.0435359
CFA3K,16.7986,16.1558,15.9189,15.7233,16.3945,15.9116,15.7171,15.6571,79.4225,-23.8186,0.117405,0.0902108,0.0737749,0.0534658,0.104928,0.0742763,0.0549115,0.0433667
CFA3K,16.071,15.6387,15.5248,15.4427,15.7893,15.5224,15.4454,15.4463,79.3794,-23.7536,0.116967,0.0898742,0.0734996,0.0532663,0.104536,0.0739991,0.0547066,0.0432049
CFA3K,15.673,15.0772,14.8837,14.7293,15.308,14.8898,14.7495,14.7223,79.3679,-23.6914,0.115989,0.0891227,0.072885,0.0528209,0.103662,0.0733804,0.0542492,0.0428436
CFA3K,16.341,15.6532,15.3958,15.1748,15.9154,15.3828,15.1607,15.0824,79.3416,-23.8199,0.113691,0.0873576,0.0714415,0.0517748,0.101609,0.0719271,0.0531748,0.0419951
CFA3K,16.6697,16.2417,16.1196,16.0869,16.3467,16.0971,16.0359,16.0481,79.3022,-23.8563,0.108947,0.0837122,0.0684603,0.0496142,0.0973689,0.0689256,0.0509558,0.0402426
CFA3K,16.1373,15.7104,15.5952,15.4962,15.8621,15.5756,15.4822,15.4701,27.8054,33.095,0.159408,0.122485,0.100169,0.0725942,0.142468,0.10085,0.0745572,0.058882
CFA3K,18.4316,17.9033,17.7002,17.5581,18.098,17.6978,17.5212,17.4955,27.7979,33.1148,0.16028,0.123155,0.100717,0.0729911,0.143247,0.101401,0.0749648,0.0592039
CFA3K,17.9728,17.4044,17.2217,17.0592,17.5887,17.194,17.0669,17.0345,27.7934,33.0376,0.157869,0.121302,0.0992018,0.0718931,0.141092,0.099876,0.0738371,0.0583133
CFA3K,15.9617,15.3649,15.1838,15.0377,15.5694,15.1597,15.023,15.0002,27.7762,33.0944,0.158047,0.121439,0.0993139,0.0719743,0.141251,0.0999888,0.0739205,0.0583791
CFA3K,16.3632,15.6828,15.4601,15.2831,15.9196,15.447,15.2645,15.2113,27.765,33.0501,0.158183,0.121544,0.0993991,0.072036,0.141372,0.100075,0.073984,0.0584292
CFA3K,18.3742,17.7854,17.6052,17.4567,18.0095,17.5946,17.4629,17.4228,27.764,33.1,0.158631,0.121888,0.0996805,0.07224,0.141773,0.100358,0.0741934,0.0585947
CFA3K,17.5562,16.9014,16.6978,16.4932,17.0975,16.6629,16.4906,16.4453,27.6745,33.15,0.163106,0.125327,0.102493,0.0742781,0.145772,0.103189,0.0762866,0.0602478
CFA3K,16.2676,15.5063,15.2437,15.0336,15.7763,15.2335,15.0265,14.9488,27.6534,33.0999,0.16196,0.124446,0.101773,0.0737561,0.144748,0.102464,0.0757505,0.0598244
CFA3K,18.4871,17.8913,17.6726,17.4996,18.056,17.6257,17.4831,17.4543,27.6192,33.1215,0.16228,0.124692,0.101974,0.073902,0.145034,0.102667,0.0759004,0.0599427
CFA3K,18.5031,17.8157,17.5601,17.3384,18.0985,17.5367,17.3245,17.2493,88.1288,66.8112,0.648585,0.498356,0.407558,0.295364,0.579658,0.410328,0.303351,0.239573
CFA3K,16.6961,15.8014,15.5284,15.3097,16.1141,15.5074,15.3017,15.2236,11.6225,36.2953,0.152249,0.116984,0.0956704,0.0693338,0.136069,0.0963206,0.0712087,0.0562374
CFA3K,17.1522,16.4689,16.2425,16.0662,16.7061,16.23,16.0776,16.0344,11.5871,36.3354,0.15293,0.117508,0.0960986,0.0696442,0.136678,0.0967518,0.0715274,0.0564891
CFA3K,16.8532,16.1654,15.9659,15.8073,16.3801,15.9325,15.7897,15.7518,11.5596,36.2977,0.148213,0.113883,0.093134,0.0674956,0.132462,0.093767,0.0693208,0.0547465
CFA3K,18.318,17.7028,17.5491,17.35,17.9415,17.4924,17.3281,17.2865,258.099,46.6292,0.126092,0.0968857,0.0792337,0.0574219,0.112692,0.0797722,0.0589746,0.0465755
CFA3K,17.042,16.4513,16.2511,16.0694,16.6631,16.2353,16.0725,16.0269,258.068,46.5856,0.124405,0.0955898,0.0781739,0.0566538,0.111184,0.0787052,0.0581858,0.0459525
CFA3K,16.6816,16.0133,15.8226,15.637,16.2831,15.8184,15.659,15.6243,258.007,46.644,0.124705,0.09582,0.0783621,0.0567902,0.111452,0.0788947,0.0583259,0.0460632
CFA3K,15.9925,15.4278,15.2756,15.1395,15.6204,15.2612,15.1321,15.1181,258.001,46.5317,0.119268,0.0916428,0.074946,0.0543145,0.106593,0.0754553,0.0557832,0.0440551
CFA3K,16.1595,15.3278,15.0561,14.7909,15.6392,15.0301,14.7722,14.68,257.984,46.4812,0.116804,0.089749,0.0733972,0.0531921,0.104391,0.0738961,0.0546305,0.0431447
CFA3K,17.6551,16.9293,16.7296,16.561,17.2066,16.7281,16.5557,16.4995,257.971,46.5704,0.124338,0.095538,0.0781315,0.0566231,0.111124,0.0786625,0.0581542,0.0459276
CFA3K,16.7891,16.2983,16.1551,15.9944,16.4557,16.13,15.9978,15.9795,257.961,46.6204,0.127009,0.0975909,0.0798104,0.0578398,0.113512,0.0803528,0.0594038,0.0469145
CFA3K,16.1705,15.4008,15.1416,14.8579,15.6809,15.1096,14.8375,14.737,257.94,46.4885,0.118581,0.0911144,0.0745138,0.0540013,0.105979,0.0750203,0.0554616,0.0438011
CFA3K,16.0911,15.5358,15.3676,15.2054,15.7383,15.358,15.2141,15.1948,257.935,46.5992,0.127156,0.0977037,0.0799026,0.0579067,0.113643,0.0804457,0.0594725,0.0469687
CFA3K,17.8326,17.3288,17.1771,17.0299,17.5098,17.1337,16.9993,16.9658,257.932,46.5227,0.120833,0.092845,0.0759291,0.055027,0.107992,0.0764452,0.056515,0.044633
CFA3K,18.475,18.0243,17.9086,17.6539,18.2683,17.8801,17.7506,17.7115,257.911,46.6277,0.128999,0.0991197,0.0810606,0.0587459,0.11529,0.0816116,0.0603344,0.0476494
CFA3K,16.043,15.5188,15.3756,15.2365,15.6942,15.3672,15.2442,15.2427,257.888,46.5796,0.127685,0.0981098,0.0802347,0.0581473,0.114115,0.08078,0.0597197,0.0471639
CFA3K,16.9845,16.3058,16.1236,15.952,16.5406,16.0906,15.9184,15.8793,257.878,46.5189,0.12469,0.0958089,0.0783531,0.0567837,0.111439,0.0788856,0.0583192,0.0460579
CFA3K,16.5884,15.9133,15.6698,15.454,16.1486,15.6576,15.4648,15.3955,14.124,-1.1983,0.143869,0.110546,0.0904049,0.0655178,0.12858,0.0910193,0.0672895,0.0531422
CFA3K,16.0809,15.5793,15.4287,15.2985,15.7334,15.4183,15.3033,15.2998,14.1078,-1.20174,0.141232,0.108519,0.0887474,0.0643166,0.126223,0.0893505,0.0660558,0.0521679
CFA3K,17.6404,17.0403,16.8102,16.6345,17.2441,16.8145,16.6549,16.6022,14.0766,-1.21212,0.137019,0.105282,0.0861003,0.0623982,0.122458,0.0866854,0.0640855,0.0506118
CFA3K,16.1714,15.6543,15.4872,15.3565,15.8169,15.5007,15.3754,15.362,14.058,-1.15171,0.134814,0.103588,0.0847147,0.061394,0.120487,0.0852904,0.0630542,0.0497974
CFA3K,16.4818,15.5572,15.1782,14.9074,15.9164,15.1978,14.924,14.8241,14.0571,-1.16637,0.135467,0.104089,0.0851249,0.0616913,0.121071,0.0857035,0.0633595,0.0500385
CFA3K,17.5801,16.7712,16.4931,16.2444,17.0328,16.486,16.2499,16.1546,329.038,-1.11503,0.482352,0.370627,0.303101,0.219662,0.431091,0.305161,0.225602,0.17817
CFA3K,17.0364,16.1529,15.8321,15.5368,16.4973,15.8331,15.546,15.4161,329.018,-1.06541,0.485635,0.37315,0.305164,0.221157,0.434025,0.307238,0.227137,0.179383
CFA3K,17.9256,17.0566,16.7152,16.4119,17.4046,16.7101,16.4202,16.2826,329.01,-1.14582,0.491196,0.377423,0.308659,0.22369,0.438995,0.310756,0.229738,0.181437
CFA3K,18.3351,17.5559,17.1888,16.8408,17.9294,17.1611,16.8423,16.6905,329.008,-1.12221,0.490741,0.377073,0.308373,0.223482,0.438589,0.310469,0.229526,0.181269
CFA3K,16.9134,16.4052,16.2321,16.0494,16.5841,16.2249,16.0599,16.0026,329.004,-1.03274,0.486417,0.373751,0.305656,0.221513,0.434724,0.307733,0.227503,0.179672
CFA3K,17.7231,16.9862,16.7594,16.5424,17.242,16.732,16.5269,16.446,329.002,-1.12772,0.492533,0.37845,0.309498,0.224298,0.44019,0.311602,0.230363,0.181931
CFA3K,16.4098,15.5179,15.1668,14.8314,15.8728,15.1707,14.8484,14.7011,328.981,-1.06245,0.497042,0.381915,0.312332,0.226352,0.44422,0.314455,0.232472,0.183596
CFA3K,16.8025,16.1306,15.9121,15.7008,16.3669,15.8887,15.685,15.6145,328.964,-1.10834,0.504635,0.387749,0.317103,0.22981,0.451006,0.319258,0.236024,0.186401
CFA3K,17.5378,16.6186,16.2561,15.9455,16.974,16.2547,15.9616,15.841,328.934,-1.05682,0.504776,0.387857,0.317192,0.229874,0.451132,0.319348,0.23609,0.186453
CFA3K,18.8381,18.1569,18.0228,17.7618,18.4379,17.9963,17.8105,17.7515,328.933,-1.08795,0.509028,0.391124,0.319864,0.23181,0.454932,0.322038,0.238078,0.188024
CFA3K,17.0544,16.2685,15.9547,15.6618,16.5883,15.9582,15.6525,15.5172,328.92,-1.07048,0.509102,0.391182,0.31991,0.231844,0.454999,0.322085,0.238113,0.188051
CFA3K,16.3659,15.8109,15.629,15.4776,15.9905,15.6183,15.4945,15.455,177.031,30.3801,0.118657,0.0911729,0.0745617,0.054036,0.106047,0.0750684,0.0554972,0.0438292
CFA3K,17.9499,17.2959,17.011,16.7546,17.9659,17.564,16.9677,17.2991,177.012,30.4403,0.0943989,0.0725337,0.0593185,0.042989,0.0843668,0.0597216,0.0441515,0.0348689
CFA3K,18.4661,17.7495,17.4715,17.2204,17.8227,17.425,17.2665,17.2254,43.7924,16.0394,0.508596,0.390792,0.319592,0.231613,0.454546,0.321764,0.237876,0.187864
CFA3K,16.8727,16.1227,15.8559,15.655,16.3755,15.8402,15.6379,15.5604,33.7474,-20.7942,0.0591538,0.0454523,0.0371712,0.0269385,0.0528674,0.0374238,0.027667,0.0218501
CFA3K,16.8247,16.219,16.0679,15.9082,16.404,16.0685,15.9422,15.9128,120.11,56.3954,0.128347,0.0986185,0.0806507,0.0584488,0.114707,0.0811989,0.0600293,0.0474085
CFA3K,18.6117,17.571,17.1159,16.7972,17.8518,17.164,16.8458,16.6899,120.084,56.4605,0.122351,0.0940112,0.0768828,0.0557182,0.109348,0.0774054,0.0572248,0.0451936
CFA3K,18.0107,17.257,16.9559,16.7512,17.5278,16.9738,16.7723,16.6862,120.02,56.4099,0.133355,0.102467,0.0837977,0.0607295,0.119183,0.0843673,0.0623717,0.0492584
CFA3K,18.2257,17.782,17.5709,17.3862,17.9816,17.5801,17.4354,17.3914,119.986,56.4468,0.127374,0.0978708,0.0800392,0.0580057,0.113837,0.0805832,0.0595742,0.047049
CFA3K,16.6497,15.819,15.5049,15.2692,16.1254,15.5165,15.2947,15.191,119.923,56.4081,0.132201,0.10158,0.0830727,0.060204,0.118152,0.0836373,0.061832,0.0488322
CFA3K,16.658,15.761,15.4363,15.1027,16.1082,15.4189,15.1089,14.9679,0.93126,23.1591,0.316656,0.24331,0.198981,0.144204,0.283004,0.200333,0.148104,0.116966
CFA3K,17.378,16.635,16.4073,16.1507,16.88,16.3823,16.1704,16.0844,0.910281,23.1942,0.325462,0.250077,0.204514,0.148215,0.290874,0.205904,0.152222,0.120218
CFA3K,17.811,16.895,16.5543,16.2977,17.2265,16.5753,16.2875,16.1632,0.86974,23.196,0.329306,0.25303,0.20693,0.149965,0.29431,0.208336,0.15402,0.121638
CFA3K,17.313,16.509,16.2093,15.9287,16.8029,16.1848,15.9259,15.7892,0.841378,23.2572,0.330044,0.253598,0.207393,0.150301,0.294969,0.208803,0.154366,0.121911
CFA3K,16.2712,15.6579,15.4853,15.3045,15.9411,15.5333,15.368,15.3392,29.641,36.2748,0.316352,0.243077,0.19879,0.144066,0.282732,0.200141,0.147962,0.116853
CFA3K,16.7842,16.0519,15.8123,15.5845,16.3307,15.7977,15.5985,15.5378,29.5883,36.3917,0.300945,0.231239,0.189108,0.13705,0.268963,0.190394,0.140756,0.111163
CFA3K,18.6757,17.9334,17.6438,17.426,18.2096,17.6714,17.442,17.3386,29.4944,36.4001,0.3017,0.231819,0.189583,0.137393,0.269637,0.190871,0.141109,0.111441
CFA3K,16.7892,15.8779,15.5658,15.256,16.2153,15.558,15.2569,15.1134,29.4835,36.3234,0.310136,0.238301,0.194883,0.141235,0.277177,0.196208,0.145054,0.114557
CFA3K,16.2111,15.5869,15.393,15.2132,15.7999,15.3653,15.2388,15.1971,123.019,41.5665,0.151046,0.11606,0.0949143,0.0687858,0.134994,0.0955594,0.0706459,0.055793
CFA3K,16.2681,15.5989,15.389,15.1972,15.8283,15.3667,15.2088,15.1586,123.012,41.4736,0.151416,0.116344,0.095147,0.0689545,0.135325,0.0957937,0.0708191,0.0559297
CFA3K,18.7042,18.296,18.3336,18.2628,18.5172,18.3012,18.236,18.2868,195.847,50.6966,0.0480521,0.036922,0.030195,0.0218828,0.0429454,0.0304002,0.0224745,0.0177494
CFA3K,18.4097,17.7085,17.4181,17.1193,18.0039,17.4134,17.1462,17.0505,195.766,50.6186,0.0610738,0.0469276,0.0383777,0.0278129,0.0545833,0.0386385,0.028565,0.0225593
CFA3K,18.3622,17.6415,17.4691,17.2048,17.9546,17.4422,17.2434,17.1921,195.734,50.6232,0.0606266,0.046584,0.0380966,0.0276092,0.0541837,0.0383556,0.0283558,0.0223941
CFA3K,17.9131,17.4115,17.2296,17.0958,17.6025,17.2245,17.0998,17.0969,195.724,50.6411,0.0580117,0.0445748,0.0364535,0.0264184,0.0518467,0.0367012,0.0271328,0.0214283
CFA3K,17.6216,17.1024,16.9278,16.7966,17.281,16.915,16.7844,16.7567,128.807,-8.262,0.131637,0.101147,0.0827185,0.0599473,0.117648,0.0832806,0.0615684,0.0486239
CFA3K,15.8076,15.3729,15.2597,15.1651,15.5204,15.2313,15.1404,15.1469,128.793,-8.25839,0.130757,0.10047,0.0821652,0.0595464,0.116861,0.0827236,0.0611566,0.0482987
CFA3K,17.7241,17.1009,16.8917,16.8106,17.3885,17.0812,16.9466,16.922,128.758,-8.39356,0.138421,0.106359,0.0869811,0.0630366,0.123711,0.0875723,0.0647411,0.0511296
CFA3K,15.9357,15.2079,14.9687,14.7796,15.4482,14.9482,14.7616,14.7069,128.75,-8.35036,0.139094,0.106876,0.0874039,0.0633429,0.124312,0.0879979,0.0650558,0.0513782
CFA3K,17.0097,16.1319,15.7947,15.5331,16.4544,15.7749,15.525,15.433,128.721,-8.33559,0.135341,0.103992,0.0850456,0.0616338,0.120958,0.0856236,0.0633005,0.0499919
CFA3K,18.2627,17.4014,17.0527,16.8101,17.7002,17.0316,16.7939,16.6985,128.673,-8.27042,0.125917,0.0967517,0.0791241,0.0573424,0.112536,0.0796618,0.058893,0.0465111
CFA3K,16.7151,16.0224,15.8188,15.6571,16.2255,15.7768,15.5895,15.5638,128.67,-8.39379,0.133901,0.102886,0.0841408,0.0609781,0.119671,0.0847126,0.062627,0.04946
CFA3K,17.2988,16.8565,16.7393,16.6843,17.0759,16.8002,16.6826,16.6746,192.311,-9.36493,0.142179,0.109247,0.0893428,0.0647481,0.12707,0.08995,0.0664989,0.0525179
CFA3K,16.6713,16.1185,15.9648,15.8062,16.3337,15.9788,15.8429,15.8077,192.293,-9.51587,0.129864,0.099784,0.0816039,0.0591396,0.116063,0.0821585,0.0607388,0.0479688
CFA3K,17.4593,16.892,16.6428,16.4258,17.1147,16.6711,16.4983,16.444,192.277,-9.42858,0.141675,0.108859,0.0890258,0.0645184,0.126619,0.0896309,0.066263,0.0523316
CFA3K,16.4328,15.7045,15.4318,15.1967,16.0159,15.476,15.2393,15.1303,192.236,-9.39071,0.151359,0.116301,0.0951113,0.0689286,0.135274,0.0957577,0.0707925,0.0559088
CFA3K,17.5098,16.7175,16.3418,16.0677,17.0932,16.3556,16.0779,15.959,192.224,-9.53573,0.120611,0.0926748,0.0757899,0.0549261,0.107794,0.076305,0.0564114,0.0445512
CFA3K,17.4338,16.5075,16.1224,15.8412,16.9093,16.1796,15.9035,15.7901,192.175,-9.36137,0.153622,0.11804,0.0965334,0.0699592,0.137296,0.0971895,0.071851,0.0567447
CFA3K,15.5809,15.0519,14.9143,14.7823,15.2458,14.9135,14.8012,14.7906,224.123,45.3665,0.0699309,0.0537331,0.0439433,0.0318463,0.0624991,0.0442419,0.0327075,0.0258309
CFA3K,15.6993,15.1826,15.045,14.9136,15.3501,15.0269,14.9097,14.8975,224.074,45.3546,0.0713262,0.0548052,0.04482,0.0324818,0.0637461,0.0451246,0.0333601,0.0263463
CFA3K,16.7929,16.1859,15.9856,15.8336,16.5301,16.045,15.8651,15.8145,224.041,45.394,0.0794092,0.061016,0.0498992,0.0361627,0.0709702,0.0502384,0.0371406,0.029332
CFA3K,18.6586,17.7723,17.4977,17.2393,18.0483,17.4465,17.2065,17.1114,224.004,45.3965,0.0785347,0.0603441,0.0493497,0.0357645,0.0701886,0.0496851,0.0367316,0.029009
CFA3K,16.6959,16.1496,15.988,15.84,16.3224,15.9776,15.849,15.8315,223.966,45.4121,0.0781936,0.060082,0.0491354,0.0356092,0.0698837,0.0494693,0.0365721,0.028883
CFA3K,16.3206,15.6089,15.3996,15.2036,15.851,15.3675,15.1854,15.1301,223.966,45.3502,0.0654018,0.0502531,0.0410973,0.0297838,0.0584514,0.0413766,0.0305892,0.024158
CFA3K,18.7429,18.3189,18.2609,18.1223,18.5073,18.2714,18.167,18.1655,223.934,45.44,0.0713239,0.0548035,0.0448186,0.0324807,0.0637441,0.0451232,0.033359,0.0263455
CFA3K,17.1975,16.7455,16.6088,16.4747,16.8797,16.5769,16.4556,16.4476,150.194,4.45229,0.0900558,0.0691967,0.0565894,0.0410112,0.0804854,0.056974,0.0421202,0.0332646
CFA3K,16.3445,15.8435,15.6848,15.5247,16.0055,15.6556,15.5104,15.4853,150.185,4.48166,0.0907196,0.0697066,0.0570065,0.0413135,0.0810785,0.0573939,0.0424306,0.0335098
CFA3K,17.1255,16.5835,16.4058,16.2507,16.764,16.3854,16.2298,16.1898,150.184,4.37895,0.086562,0.0665121,0.054394,0.0394201,0.0773628,0.0547636,0.0404861,0.0319741
CFA3K,17.6185,17.1355,17.0178,16.8697,17.3099,16.9969,16.8642,16.8494,150.176,4.42292,0.0934727,0.0718221,0.0587365,0.0425672,0.0835391,0.0591357,0.0437183,0.0345268
CFA3K,17.5995,17.1295,17.0018,16.8647,17.2735,16.9685,16.853,16.8339,150.161,4.4521,0.097354,0.0748044,0.0611754,0.0443348,0.0870079,0.0615912,0.0455336,0.0359604
CFA3K,16.8395,16.2805,16.1068,15.9387,16.4764,16.0976,15.9432,15.916,150.112,4.4871,0.0961427,0.0738737,0.0604143,0.0437832,0.0859254,0.0608249,0.0449671,0.035513
CFA3K,17.6655,17.1425,16.9308,16.6907,17.6008,17.2509,17.128,16.8678,150.101,4.40164,0.0929717,0.0714372,0.0584217,0.0423391,0.0830914,0.0588188,0.043484,0.0343417
CFA3K,15.8625,15.2525,15.0958,14.9597,15.4509,15.0631,14.9353,14.914,150.092,4.33718,0.080011,0.0614784,0.0502774,0.0364368,0.071508,0.0506191,0.0374221,0.0295543
CFA3K,17.9295,17.2365,17.0148,16.7947,17.438,16.9677,16.7595,16.7002,150.089,4.35067,0.081888,0.0629207,0.0514569,0.0372916,0.0731856,0.0518066,0.0383,0.0302476
CFA3K,17.8365,17.1695,16.9718,16.7967,17.3692,16.9333,16.7543,16.694,150.081,4.37244,0.0850941,0.0653842,0.0534715,0.0387516,0.0760509,0.0538349,0.0397995,0.0314319
CFA3K,18.3605,17.5395,17.2698,17.0367,17.8255,17.2415,17.0143,16.9296,150.073,4.41521,0.0903804,0.069446,0.0567933,0.041159,0.0807754,0.0571793,0.042272,0.0333845
CFA3K,17.1445,16.3585,16.0988,15.8937,16.6383,16.0806,15.8981,15.8483,150.059,4.44766,0.0918403,0.0705678,0.0577107,0.0418238,0.0820802,0.0581029,0.0429548,0.0339238
CFA3K,18.1935,17.7935,17.6508,17.5357,17.8752,17.6114,17.5517,17.552,150.05,4.42539,0.0880284,0.0676388,0.0553154,0.0400879,0.0786734,0.0556913,0.0411719,0.0325158
CFA3K,17.6395,16.9335,16.7098,16.5007,17.1217,16.6498,16.4618,16.3965,150.038,4.33504,0.078724,0.0604896,0.0494687,0.0358507,0.0703578,0.0498049,0.0368202,0.0290789
CFA3K,15.7769,15.1561,14.9617,14.803,15.3628,14.9716,14.8097,14.783,255.336,79.0514,0.156959,0.120604,0.0986302,0.0714788,0.140279,0.0993006,0.0734117,0.0579773
CFA3K,17.7809,17.0365,16.7625,16.4677,17.3325,16.7395,16.478,16.3571,243.293,-21.6058,1.15416,0.886825,0.72525,0.5256,1.0315,0.730179,0.539813,0.42632
CFA3K,17.5825,16.6166,16.2256,15.8384,17.0024,16.2225,15.8477,15.6608,243.269,-21.7128,1.1243,0.863885,0.70649,0.512004,1.00482,0.711292,0.525849,0.415292
CFA3K,17.2014,16.332,15.997,15.6918,16.7005,16.0127,15.7206,15.5807,243.266,-21.6189,1.15051,0.884023,0.722958,0.523939,1.02824,0.727872,0.538107,0.424973
CFA3K,18.2079,17.481,17.2185,16.9668,17.775,17.2211,16.9468,16.819,243.239,-21.6531,1.14641,0.880871,0.720381,0.522071,1.02458,0.725277,0.536188,0.423458
CFA3K,17.7329,16.9695,16.672,16.3742,17.251,16.6546,16.3733,16.2447,243.234,-21.6975,1.14786,0.881984,0.721292,0.522731,1.02587,0.726194,0.536866,0.423993
CFA3K,17.8275,16.7751,16.3326,15.8839,17.22,16.3447,15.9011,15.6725,243.218,-21.5759,1.15862,0.890257,0.728057,0.527634,1.03549,0.733005,0.541902,0.42797
CFA3K,18.0319,17.1615,16.8405,16.5513,17.47,16.8147,16.5355,16.403,243.206,-21.6786,1.1598,0.891164,0.728798,0.528171,1.03655,0.733752,0.542454,0.428406
CFA3K,18.1745,17.2756,16.9151,16.5533,17.6537,16.9148,16.5653,16.3841,243.204,-21.6013,1.15827,0.889982,0.727832,0.527471,1.03517,0.732779,0.541734,0.427838
CFA3K,17.9685,17.2741,17.0396,16.7619,17.5631,17.0419,16.7853,16.6628,243.192,-21.5565,1.15606,0.888285,0.726444,0.526465,1.0332,0.731382,0.540701,0.427022
CFA3K,17.1515,16.3481,16.0261,15.7169,16.6535,16.0305,15.7327,15.5948,243.19,-21.6263,1.15783,0.88965,0.72756,0.527274,1.03479,0.732505,0.541532,0.427678
CFA3K,17.6274,16.8075,16.4615,16.0727,17.1297,16.4459,16.0654,15.8805,243.182,-21.7037,1.18689,0.91198,0.745822,0.540509,1.06076,0.750891,0.555124,0.438412
CFA3K,17.4114,16.6075,16.3095,16.0182,16.9345,16.325,16.0547,15.9378,243.182,-21.5451,1.14345,0.878601,0.718525,0.520726,1.02194,0.723408,0.534807,0.422366
CFA3K,18.2084,17.2345,16.84,16.4767,17.5593,16.8241,16.4673,16.282,243.172,-21.6651,1.17369,0.901835,0.737525,0.534496,1.04896,0.742538,0.548949,0.433536
CFA3K,18.4904,17.672,17.3545,17.0222,17.9608,17.3228,17.0299,16.8861,243.153,-21.6793,1.19784,0.920388,0.752698,0.545492,1.07054,0.757814,0.560243,0.442455
CFA3K,16.9545,16.111,15.7998,15.5615,16.4231,15.8059,15.5801,15.4946,149.891,-19.5108,0.145689,0.111944,0.0915481,0.0663463,0.130206,0.0921703,0.0681404,0.0538142
CFA3K,17.8071,16.9541,16.625,16.3841,17.2647,16.6426,16.3952,16.3227,149.848,-19.5519,0.143968,0.110622,0.0904669,0.0655627,0.128668,0.0910817,0.0673356,0.0531787
CFA3K,16.995,16.454,16.3008,16.1519,16.6156,16.2834,16.1577,16.1379,149.817,-19.5153,0.144666,0.111158,0.0909052,0.0658804,0.129292,0.0915231,0.0676619,0.0534363
CFA3K,18.3291,17.7141,17.5009,17.33,17.9215,17.497,17.3535,17.2976,149.809,-19.4017,0.145861,0.112076,0.091656,0.0664245,0.13036,0.092279,0.0682207,0.0538777
CFA3K,18.4566,17.7476,17.5964,17.3701,18.0009,17.5764,17.4406,17.3848,149.798,-19.4109,0.145647,0.111911,0.0915218,0.0663272,0.130169,0.0921438,0.0681208,0.0537987
CFA3K,17.0696,16.6056,16.4859,16.3915,16.714,16.4563,16.3844,16.3917,149.794,-19.533,0.143933,0.110595,0.0904451,0.065547,0.128637,0.0910598,0.0673194,0.0531659
CFA3K,15.754,15.216,15.0618,14.9409,15.3978,15.0918,14.9893,14.9761,149.79,-19.3859,0.14485,0.111299,0.0910208,0.0659642,0.129456,0.0916394,0.0677479,0.0535043
CFA3K,16.191,15.4265,15.1784,14.9619,15.7001,15.178,14.9821,14.9083,149.776,-19.4357,0.145169,0.111544,0.0912216,0.0661097,0.129742,0.0918415,0.0678973,0.0536223
CFA3K,17.4375,16.486,16.0828,15.7739,16.849,16.0914,15.8045,15.6734,149.769,-19.4583,0.14515,0.11153,0.0912095,0.0661009,0.129724,0.0918294,0.0678884,0.0536152
CFA3K,18.2486,17.4926,17.167,16.9206,17.7475,17.1847,16.9407,16.8271,149.747,-19.4311,0.143698,0.110414,0.0902973,0.0654398,0.128427,0.090911,0.0672094,0.053079
CFA3K,17.7645,17.184,16.9988,16.8284,17.3592,16.9882,16.8227,16.8,149.737,-19.4924,0.143742,0.110448,0.0903249,0.0654598,0.128466,0.0909388,0.0672299,0.0530952
CFA3K,17.7107,16.7507,16.4078,16.102,17.116,16.394,16.1329,16.02,200.242,58.6161,0.0351708,0.0270244,0.0221007,0.0160167,0.0314331,0.0222509,0.0164498,0.0129913
CFA3K,18.2797,17.8287,17.6748,17.606,17.9524,17.7004,17.5994,17.5648,200.165,58.6329,0.0357665,0.0274821,0.022475,0.016288,0.0319655,0.0226277,0.0167284,0.0132113
CFA3K,17.0507,16.4457,16.2988,16.148,16.6572,16.2787,16.1518,16.1376,200.125,58.6038,0.0362496,0.0278533,0.0227786,0.016508,0.0323972,0.0229334,0.0169544,0.0133898
CFA3K,17.0547,16.2577,15.9818,15.738,16.5242,15.9727,15.7414,15.6514,200.088,58.5712,0.0377586,0.0290128,0.0237268,0.0171952,0.0337459,0.0238881,0.0176602,0.0139472
CFA3K,17.2277,16.466,16.1869,15.9342,16.7535,16.1715,15.9376,15.863,107.973,49.8769,0.232726,0.178821,0.146241,0.105983,0.207994,0.147235,0.108849,0.085964
CFA3K,17.8552,17.1,16.8369,16.6237,17.3877,16.8303,16.6324,16.5652,107.946,49.9335,0.239297,0.18387,0.15037,0.108975,0.213866,0.151392,0.111922,0.0883909
CFA3K,15.6503,15.1376,14.986,14.8518,15.3098,14.9738,14.8656,14.8561,107.888,49.9108,0.240105,0.184491,0.150877,0.109343,0.214588,0.151903,0.1123,0.0886895
CFA3K,16.0738,15.5721,15.4421,15.3353,15.7224,15.4187,15.3232,15.3336,107.88,49.8451,0.233917,0.179736,0.146989,0.106525,0.209058,0.147988,0.109406,0.0864038
CFA3K,17.8008,17.1576,16.9615,16.7743,17.3482,16.9206,16.7427,16.6938,107.852,49.7998,0.236424,0.181662,0.148565,0.107667,0.211299,0.149574,0.110578,0.0873299
CFA3K,17.5659,16.8051,16.5859,16.34,17.0561,16.5394,16.3174,16.229,229.214,7.3457,0.126297,0.0970431,0.0793624,0.0575151,0.112875,0.0799018,0.0590704,0.0466512
CFA3K,16.6369,16.0531,15.9109,15.759,16.2325,15.859,15.7211,15.6771,229.206,7.38425,0.123682,0.0950343,0.0777195,0.0563245,0.110538,0.0782478,0.0578476,0.0456855
CFA3K,16.9439,16.2921,16.1359,15.964,16.4908,16.0884,15.9434,15.8979,229.19,7.45929,0.12182,0.0936032,0.0765492,0.0554764,0.108874,0.0770694,0.0569765,0.0449975
CFA3K,17.6019,17.0161,16.8619,16.694,17.1923,16.8088,16.6659,16.6158,229.158,7.3729,0.131383,0.100952,0.0825587,0.0598316,0.117421,0.0831198,0.0614495,0.0485301
CFA3K,18.5229,17.9601,17.8709,17.687,18.1077,17.7939,17.6775,17.6522,229.123,7.36669,0.133814,0.102819,0.0840862,0.0609386,0.119593,0.0846577,0.0625864,0.0494279
CFA3K,16.1989,15.4421,15.2099,14.979,15.6905,15.1715,14.9667,14.884,229.107,7.39879,0.135962,0.10447,0.085436,0.0619168,0.121513,0.0860166,0.0635911,0.0502214
CFA3K,17.4279,16.6871,16.4629,16.258,16.8943,16.404,16.2344,16.1783,229.102,7.32279,0.132385,0.101722,0.0831886,0.060288,0.118317,0.0837539,0.0619183,0.0489003
CFA3K,17.2469,16.3421,16.0339,15.759,16.6665,16.0052,15.7551,15.6447,229.088,7.42108,0.136026,0.104519,0.0854763,0.0619459,0.12157,0.0860572,0.063621,0.050245
CFA3K,18.7611,18.2134,18.0426,17.8675,18.4357,18.0418,17.8849,17.8496,169.825,20.8475,0.0773974,0.0594702,0.0486351,0.0352466,0.0691722,0.0489656,0.0361997,0.0285889
CFA3K,17.9172,17.2884,17.0906,16.9035,17.5099,17.0517,16.8685,16.8059,169.798,20.7282,0.0704608,0.0541403,0.0442762,0.0320877,0.0629727,0.0445772,0.0329554,0.0260267
CFA3K,16.1961,15.3674,15.0466,14.8345,15.6759,15.0368,14.7981,14.7006,169.769,20.7708,0.0720947,0.0553958,0.045303,0.0328317,0.064433,0.0456109,0.0337195,0.0266302
CFA3K,18.1041,17.4574,17.2426,17.1225,17.6796,17.2111,17.0505,16.9996,169.718,20.78,0.0718737,0.055226,0.0451641,0.0327311,0.0642355,0.045471,0.0336162,0.0265486
CFA3K,15.8323,15.2895,15.1318,15.0112,15.4581,15.0983,14.9906,14.9874,127.962,-1.171,0.111649,0.0857885,0.0701583,0.0508448,0.099784,0.0706352,0.0522197,0.0412408
CFA3K,18.1297,17.3939,17.1463,16.9266,17.6542,17.1162,16.9321,16.8713,127.961,-1.20414,0.112938,0.0867791,0.0709684,0.0514319,0.100936,0.0714508,0.0528227,0.041717
CFA3K,17.3007,16.6944,16.4822,16.3315,16.9024,16.4622,16.3075,16.2773,127.914,-1.12781,0.109917,0.0844578,0.0690701,0.0500561,0.0982362,0.0695395,0.0514097,0.0406011
CFA3K,16.3527,15.8369,15.7043,15.6106,15.9905,15.6615,15.5717,15.5764,127.896,-1.27764,0.120808,0.0928255,0.0759132,0.0550154,0.107969,0.0764291,0.0565031,0.0446236
CFA3K,18.4983,18.008,17.8308,17.6466,18.1378,17.779,17.6789,17.6486,127.896,-1.22693,0.11894,0.0913904,0.0747395,0.0541649,0.1063,0.0752475,0.0556296,0.0439337
CFA3K,16.9478,16.251,16.0184,15.8601,16.4865,16.0113,15.8528,15.8194,127.864,-1.13113,0.11388,0.0875025,0.0715601,0.0518607,0.101778,0.0720464,0.053263,0.0420648
CFA3K,18.1428,17.2505,16.9204,16.6462,17.5802,16.9036,16.6545,16.5559,127.831,-1.15937,0.119187,0.0915802,0.0748948,0.0542774,0.106521,0.0754038,0.0557451,0.044025
CFA3K,16.1503,15.604,15.4393,15.3147,15.7998,15.4352,15.3325,15.3103,127.808,-1.10724,0.116887,0.0898128,0.0734494,0.0532299,0.104465,0.0739486,0.0546693,0.0431754
CFA3K,16.8778,16.342,16.1584,16.0441,16.502,16.1495,16.0324,16.0143,127.806,-1.1268,0.117745,0.0904726,0.0739889,0.0536209,0.105232,0.0744918,0.0550709,0.0434925
CFA3K,15.8316,15.17,14.9739,14.7964,15.388,14.9489,14.8034,14.7639,171.327,-9.78403,0.145939,0.112136,0.0917054,0.0664603,0.13043,0.0923286,0.0682574,0.0539067
CFA3K,16.0161,15.258,15.015,14.7973,15.5303,14.9992,14.8107,14.7338,171.324,-9.80323,0.145305,0.111649,0.0913069,0.0661715,0.129863,0.0919274,0.0679608,0.0536724
CFA3K,17.0476,16.4185,16.241,16.0713,16.6214,16.2193,16.0625,16.0145,171.31,-9.7347,0.146056,0.112226,0.091779,0.0665136,0.130534,0.0924028,0.0683122,0.0539499
CFA3K,17.4316,16.7935,16.6264,16.4734,17.0009,16.5871,16.4547,16.4247,171.277,-9.75346,0.142521,0.10951,0.0895575,0.0649037,0.127375,0.0901662,0.0666588,0.0526441
CFA3K,17.7031,16.951,16.6575,16.4833,17.2681,16.6452,16.4731,16.436,171.262,-9.82007,0.142615,0.109582,0.0896165,0.0649464,0.127459,0.0902255,0.0667026,0.0526788
CFA3K,16.0161,15.4685,15.3075,15.1603,15.6561,15.284,15.1604,15.1352,171.239,-9.78176,0.142759,0.109692,0.0897071,0.0650121,0.127588,0.0903168,0.0667701,0.052732
CFA3K,16.5546,16.023,15.8705,15.7418,16.2044,15.861,15.7292,15.7128,171.231,-9.76853,0.14283,0.109747,0.0897518,0.0650445,0.127651,0.0903618,0.0668034,0.0527583
CFA3K,17.3846,16.5385,16.2179,15.9428,16.8341,16.1991,15.9475,15.8354,171.166,-9.79693,0.140044,0.107607,0.0880013,0.0637759,0.125162,0.0885994,0.0655005,0.0517294
CFA3K,15.7875,15.2584,15.1317,14.935,15.4259,15.0856,14.961,14.9407,202.811,-15.1124,0.233807,0.179652,0.14692,0.106475,0.20896,0.147919,0.109355,0.0863633
CFA3K,18.5785,17.7899,17.4997,17.1705,18.0826,17.4463,17.1726,17.0422,202.808,-15.0542,0.238167,0.183002,0.14966,0.108461,0.212857,0.150677,0.111394,0.0879737
CFA3K,17.6704,16.8793,16.6161,16.2939,17.147,16.5703,16.3311,16.2398,202.804,-15.0434,0.238005,0.182877,0.149558,0.108387,0.212712,0.150575,0.111318,0.087914
CFA3K,18.4175,17.7394,17.5782,17.3725,17.961,17.5156,17.3657,17.3253,202.754,-15.1618,0.218393,0.167808,0.137234,0.0994558,0.195184,0.138167,0.102145,0.0806697
CFA3K,15.8904,15.2233,15.0436,14.8174,15.423,14.9774,14.8249,14.7838,202.736,-15.1668,0.216586,0.166419,0.136099,0.0986328,0.193569,0.137024,0.1013,0.0800021
CFA3K,17.9205,17.3419,17.1697,16.987,17.517,17.1367,16.9989,16.9513,202.711,-15.1231,0.223551,0.171771,0.140475,0.101804,0.199793,0.14143,0.104557,0.0825747
CFA3K,17.1005,16.1909,15.8782,15.5295,16.5161,15.82,15.5416,15.4328,202.696,-15.1356,0.22165,0.17031,0.139281,0.100939,0.198094,0.140227,0.103668,0.0818726
CFA3K,18.346,17.7034,17.5672,17.3715,17.9165,17.4869,17.3261,17.2843,202.693,-15.1615,0.218699,0.168043,0.137426,0.0995949,0.195457,0.13836,0.102288,0.0807825
CFA3K,16.7989,16.1358,15.9576,15.6964,16.3321,15.9012,15.7064,15.6432,202.685,-15.1427,0.220784,0.169645,0.138737,0.100545,0.197321,0.13968,0.103263,0.0815528
CFA3K,18.1516,17.5686,17.3793,17.1515,17.77,17.3773,17.2005,17.1495,201.447,-24.6724,0.284738,0.218785,0.178924,0.129669,0.254478,0.18014,0.133175,0.105176
CFA3K,18.0446,17.4736,17.2843,17.1015,17.6662,17.2473,17.0737,17.093,201.432,-24.5918,0.301783,0.231883,0.189635,0.137431,0.269712,0.190924,0.141148,0.111472
CFA3K,16.3436,15.7316,15.5433,15.3855,15.9302,15.5205,15.3755,15.3392,201.406,-24.7075,0.265552,0.204044,0.166868,0.120932,0.237331,0.168002,0.124202,0.0980891
CFA3K,16.0986,15.6176,15.4853,15.3535,15.7888,15.4938,15.3894,15.3739,201.405,-24.5635,0.299221,0.229914,0.188025,0.136264,0.267422,0.189303,0.139949,0.110526
CFA3K,17.4976,16.6426,16.2963,16.0255,16.9806,16.2886,16.0206,15.9142,201.388,-24.6963,0.268982,0.206679,0.169023,0.122494,0.240396,0.170172,0.125806,0.0993559
CFA3K,16.2226,15.6196,15.4323,15.2845,15.8206,15.4158,15.2855,15.2489,201.351,-24.6436,0.267211,0.205318,0.16791,0.121687,0.238814,0.169052,0.124978,0.0987019
CFA3K,18.0046,17.0516,16.6353,16.2955,17.4272,16.6414,16.3233,16.1765,201.348,-24.6334,0.269722,0.207248,0.169489,0.122831,0.241058,0.17064,0.126152,0.0996295
CFA3K,17.5106,16.8716,16.6323,16.4115,17.0835,16.6053,16.3988,16.3154,201.34,-24.6671,0.254879,0.195842,0.160161,0.116071,0.227792,0.16125,0.11921,0.0941466
CFA3K,17.8156,17.1976,17.0103,16.8575,17.3605,16.9744,16.8333,16.8024,201.334,-24.7331,0.237469,0.182465,0.149221,0.108143,0.212233,0.150235,0.111067,0.0877159
CFA3K,17.2226,16.6016,16.4013,16.2485,16.8014,16.3912,16.228,16.1888,201.329,-24.6522,0.255852,0.19659,0.160773,0.116514,0.228662,0.161865,0.119665,0.0945061
CFA3K,18.5556,17.9446,17.6843,17.3885,18.2219,17.6914,17.4816,17.408,201.295,-24.5954,0.257031,0.197496,0.161513,0.117051,0.229715,0.162611,0.120216,0.0949415
CFA3K,16.2417,15.4429,15.1536,14.8935,15.7489,15.1659,14.9322,14.8384,176.462,19.7541,0.0903495,0.0694223,0.0567739,0.0411449,0.0807478,0.0571598,0.0422575,0.0333731
CFA3K,16.6732,16.1319,15.9761,15.8375,16.3162,15.987,15.8644,15.8578,176.443,19.7111,0.0901461,0.069266,0.0566461,0.0410523,0.080566,0.0570311,0.0421624,0.033298
CFA3K,16.4007,15.7954,15.5566,15.3085,16.0633,15.6005,15.3617,15.2764,176.434,19.8401,0.0921494,0.0708053,0.0579049,0.0419646,0.0823564,0.0582985,0.0430994,0.034038
CFA3K,16.7017,15.9614,15.6836,15.4534,16.2657,15.7247,15.503,15.429,176.383,19.8399,0.0900143,0.0691647,0.0565633,0.0409923,0.0804482,0.0569477,0.0421008,0.0332493
CFA3K,17.5232,17.0199,16.8651,16.7219,17.1982,16.8685,16.7456,16.7398,176.348,19.8019,0.086776,0.0666765,0.0545284,0.0395176,0.0775541,0.054899,0.0405862,0.0320532
CFA3K,18.7794,18.1281,17.9633,17.7537,18.3965,17.9293,17.7973,17.7565,275.849,29.9555,0.370933,0.285016,0.233087,0.168922,0.331513,0.234671,0.17349,0.137014
CFA3K,17.2566,16.5751,16.3891,16.1907,16.8526,16.3705,16.183,16.1067,275.849,29.8661,0.392248,0.301394,0.246481,0.178629,0.350563,0.248157,0.183459,0.144888
CFA3K,18.7622,18.1115,17.9507,17.7837,18.3735,17.9667,17.7909,17.7159,275.838,29.8724,0.391788,0.30104,0.246192,0.178419,0.350152,0.247866,0.183244,0.144718
CFA3K,15.954,15.3017,15.0861,14.8461,15.6107,15.1371,14.916,14.8112,275.837,29.9334,0.372195,0.285985,0.23388,0.169497,0.332641,0.23547,0.17408,0.137481
CFA3K,18.7796,17.9063,17.4959,17.0855,18.2427,17.495,17.0877,16.872,275.79,29.8564,0.405095,0.311265,0.254554,0.184479,0.362045,0.256284,0.189468,0.149633
CFA3K,17.309,16.5827,16.3639,16.1405,16.8449,16.3534,16.1584,16.0591,275.786,29.9237,0.381372,0.293036,0.239647,0.173676,0.340842,0.241276,0.178372,0.14087
CFA3K,17.0906,16.2905,16.0331,15.8249,16.5717,16.0243,15.8218,15.7467,275.77,29.8687,0.404818,0.311052,0.25438,0.184353,0.361797,0.256109,0.189338,0.149531
CFA3K,17.6352,16.9659,16.7431,16.5615,17.2139,16.7623,16.5807,16.5043,275.762,29.9129,0.386779,0.297191,0.243045,0.176138,0.345675,0.244697,0.180901,0.142868
CFA3K,17.715,16.8969,16.5945,16.3499,17.1901,16.5801,16.3281,16.2183,275.713,29.8741,0.402529,0.309293,0.252942,0.183311,0.359751,0.254661,0.188267,0.148685
CFA3K,18.2636,17.6237,17.4235,17.2125,17.8894,17.3828,17.1827,17.0895,275.681,29.8825,0.393472,0.302334,0.247251,0.179186,0.351657,0.248931,0.184032,0.14534
CFA3K,16.8844,16.0219,15.7393,15.5067,16.3235,15.7145,15.4843,15.3937,275.675,29.8158,0.408603,0.313961,0.256759,0.186077,0.36518,0.258504,0.191109,0.150929
CFA3K,17.9126,17.2731,17.0763,16.9205,17.4766,17.0609,16.9023,16.8571,275.668,29.8937,0.385126,0.295921,0.242006,0.175386,0.344198,0.243651,0.180128,0.142257
CFA3K,18.0228,17.0743,16.7275,16.4567,17.435,16.7537,16.4756,16.3552,275.668,29.969,0.360533,0.277025,0.226552,0.164186,0.322219,0.228092,0.168626,0.133173
CFA3K,16.268,15.5785,15.3727,15.2081,15.8116,15.3671,15.2084,15.1448,275.66,29.8886,0.385505,0.296213,0.242244,0.175558,0.344537,0.243891,0.180306,0.142397
CFA3K,16.6768,16.1815,15.9783,15.8007,16.3222,15.9802,15.8693,15.8647,190.589,-17.3547,0.1508,0.115871,0.0947599,0.0686739,0.134774,0.0954039,0.0705309,0.0557022
CFA3K,17.9538,17.2225,16.8363,16.5297,17.4527,16.8526,16.6214,16.5393,190.574,-17.4379,0.145174,0.111548,0.0912248,0.066112,0.129746,0.0918448,0.0678997,0.0536242
CFA3K,16.7178,16.1655,15.8753,15.6827,16.302,15.8788,15.7132,15.6751,190.567,-17.4783,0.143094,0.10995,0.0899176,0.0651647,0.127887,0.0905287,0.0669268,0.0528558
CFA3K,17.1908,16.6405,16.4093,16.1867,16.8079,16.3901,16.2148,16.1644,190.559,-17.3631,0.152333,0.117049,0.0957233,0.0693722,0.136144,0.0963739,0.0712481,0.0562685
CFA3K,17.2308,16.6465,16.3643,16.1837,16.8151,16.3675,16.1895,16.1434,190.546,-17.392,0.149542,0.114904,0.0939694,0.068101,0.13365,0.094608,0.0699425,0.0552375
CFA3K,15.9288,15.4105,15.1663,14.9867,15.5313,15.1608,15.0265,15.0078,190.541,-17.443,0.14604,0.112214,0.0917689,0.0665063,0.13052,0.0923926,0.0683047,0.053944
CFA3K,17.7448,17.2585,16.9923,16.8177,17.3958,17.0147,16.8682,16.8288,190.471,-17.388,0.142758,0.109692,0.0897066,0.0650118,0.127587,0.0903163,0.0667698,0.0527318
CFA3K,18.4438,17.9575,17.7513,17.6127,18.0918,17.7757,17.6667,17.6392,190.468,-17.4712,0.144864,0.11131,0.0910299,0.0659707,0.129469,0.0916485,0.0677546,0.0535096
CFA3K,16.6419,16.0805,15.9252,15.7147,16.3216,15.889,15.7106,15.6497,333.734,5.09666,0.374868,0.28804,0.23556,0.170714,0.33503,0.237161,0.17533,0.138468
CFA3K,18.496,17.7456,17.6958,17.5079,18.1218,17.6679,17.4552,17.3713,333.723,5.11067,0.376392,0.28921,0.236518,0.171408,0.336392,0.238125,0.176043,0.139031
CFA3K,16.162,15.4131,15.1783,14.9908,15.6805,15.1697,14.9721,14.9122,333.719,5.04575,0.366814,0.281851,0.230499,0.167046,0.327832,0.232066,0.171563,0.135493
CFA3K,16.4664,15.888,15.6932,15.5372,16.0944,15.6827,15.5192,15.4623,333.717,5.05702,0.368804,0.28338,0.23175,0.167953,0.32961,0.233325,0.172494,0.136228
CFA3K,16.4765,15.8506,15.6393,15.4708,16.0625,15.6325,15.4608,15.407,333.71,5.08432,0.374153,0.28749,0.235111,0.170388,0.33439,0.236708,0.174996,0.138204
CFA3K,18.7345,17.6131,17.3678,17.0959,17.9093,17.3738,17.0986,16.9899,333.698,5.01821,0.359895,0.276534,0.226151,0.163895,0.321648,0.227688,0.168327,0.132937
CFA3K,18.3384,17.013,16.5232,16.2407,17.4311,16.594,16.2918,16.1489,333.695,5.16881,0.382047,0.293556,0.240071,0.173983,0.341446,0.241703,0.178688,0.14112
CFA3K,16.7789,16.1765,16.0067,15.8227,16.3871,15.9967,15.8248,15.7665,333.685,5.0664,0.373211,0.286766,0.234519,0.169959,0.333549,0.236113,0.174555,0.137856
CFA3K,16.8494,16.0945,15.8597,15.6572,16.3302,15.8342,15.6439,15.5871,333.677,5.0066,0.352976,0.271218,0.221803,0.160744,0.315464,0.223311,0.165091,0.130381
CFA3K,18.5509,17.5945,17.2177,17.0172,17.8338,17.3664,17.0624,17.0471,333.675,5.08855,0.3784,0.290753,0.23778,0.172322,0.338187,0.239396,0.176982,0.139773
CFA3K,16.278,15.6151,15.3698,15.1509,15.8693,15.3563,15.1573,15.0846,333.672,5.15026,0.381953,0.293483,0.240012,0.173941,0.341362,0.241644,0.178644,0.141085
CFA3K,18.2114,17.4535,17.1422,17.0553,17.6865,17.1954,16.9907,16.9268,333.663,5.00645,0.351821,0.270331,0.221078,0.160219,0.314432,0.222581,0.164551,0.129955
CFA3K,18.019,17.0876,16.8943,16.7164,17.3725,16.9068,16.7209,16.658,333.653,5.12955,0.382073,0.293575,0.240087,0.173995,0.341469,0.241719,0.1787,0.141129
CFA3K,18.2294,17.135,16.7797,16.4872,17.4866,16.7818,16.4856,16.3547,333.634,5.07475,0.376834,0.28955,0.236795,0.171609,0.336787,0.238405,0.17625,0.139194
CFA3K,18.628,17.3711,17.1503,16.9533,17.5555,17.0802,16.9019,16.841,333.623,5.01436,0.357065,0.27436,0.224373,0.162607,0.319119,0.225898,0.167004,0.131892
CFA3K,17.8884,17.2355,16.9202,16.7127,17.451,16.9228,16.7066,16.6321,333.618,5.00821,0.354829,0.272642,0.222968,0.161588,0.317121,0.224484,0.165958,0.131066
CFA3K,16.2187,15.653,15.4724,15.338,15.8453,15.4769,15.3483,15.3078,358.628,27.3857,0.130225,0.100062,0.0818311,0.0593043,0.116386,0.0823873,0.0609079,0.0481023
CFA3K,17.8102,17.0406,16.911,16.7478,17.226,16.8607,16.7294,16.693,180.52,-19.0452,0.158096,0.121477,0.0993446,0.0719965,0.141295,0.10002,0.0739434,0.0583972
CFA3K,17.5344,16.9212,16.7281,16.5639,17.0721,16.6912,16.5627,16.5196,180.505,-19.0047,0.164342,0.126276,0.103269,0.0748409,0.146877,0.103971,0.0768647,0.0607043
CFA3K,16.6213,16.0116,15.8715,15.7103,16.2146,15.8504,15.7275,15.6992,180.493,-18.9369,0.163109,0.125329,0.102495,0.0742793,0.145775,0.103191,0.0762879,0.0602488
CFA3K,16.9634,16.3687,16.2445,16.1224,16.4882,16.2124,16.1261,16.1217,180.461,-18.9994,0.163022,0.125262,0.10244,0.0742398,0.145697,0.103136,0.0762473,0.0602167
CFA3K,16.3253,15.8041,15.6439,15.4843,15.9736,15.6375,15.5246,15.4983,180.444,-18.9072,0.160456,0.123291,0.100828,0.0730714,0.143404,0.101513,0.0750473,0.059269
CFA3K,17.2453,16.3952,16.111,15.8664,16.7023,16.1178,15.8997,15.8128,180.411,-18.9236,0.157556,0.121062,0.0990052,0.0717506,0.140812,0.0996781,0.0736908,0.0581977
CFA3K,16.8642,16.2336,16.0445,15.8708,16.4471,16.0468,15.9063,15.8743,180.41,-18.9062,0.1577,0.121172,0.0990955,0.071816,0.140941,0.099769,0.073758,0.0582508
CFA3K,17.3457,16.6255,16.3708,16.1141,16.9197,16.355,16.1215,16.0376,49.4147,41.4159,0.557904,0.42868,0.350577,0.254068,0.498614,0.352959,0.260939,0.206078
CFA3K,16.4461,15.6124,15.3297,15.072,15.9532,15.3706,15.1153,15.0163,49.2999,41.4652,0.544841,0.418642,0.342368,0.248119,0.486939,0.344695,0.254828,0.201252
CFA3K,16.8977,16.264,16.0548,15.8616,16.4609,16.0188,15.8428,15.7837,49.2684,41.3407,0.550999,0.423374,0.346238,0.250924,0.492443,0.348591,0.257709,0.203527
CFA3K,17.521,16.8519,16.6337,16.4265,17.0495,16.6107,16.4175,16.351,49.2275,41.2964,0.542501,0.416844,0.340897,0.247053,0.484848,0.343214,0.253734,0.200388
CFA3K,18.0716,17.2929,16.9892,16.6529,17.5617,16.937,16.6931,16.5854,49.218,41.3774,0.549556,0.422265,0.345331,0.250266,0.491153,0.347678,0.257034,0.202994
CFA3K,18.2697,17.5251,17.3261,17.166,17.8064,17.3501,17.1429,17.0775,224.94,16.6163,0.112975,0.0868073,0.0709915,0.0514486,0.100969,0.071474,0.0528398,0.0417305
CFA3K,18.8052,18.1621,17.9166,17.6834,18.4903,17.8983,17.6612,17.5767,224.9,16.5816,0.11032,0.084767,0.0693229,0.0502394,0.0985959,0.0697941,0.0515979,0.0407497
CFA3K,16.7186,16.1606,16.0041,15.9319,16.3396,15.983,15.8969,15.8871,224.877,16.633,0.114879,0.0882704,0.072188,0.0523157,0.102671,0.0726786,0.0537304,0.0424339
CFA3K,17.246,16.4425,16.157,15.9474,16.7484,16.1674,15.9428,15.858,224.875,16.6109,0.112824,0.0866913,0.0708966,0.0513798,0.100834,0.0713784,0.0527692,0.0416748
CFA3K,16.0802,15.3941,15.1796,15.0184,15.6535,15.2034,15.0238,14.9735,224.834,16.7297,0.128788,0.0989577,0.0809281,0.0586498,0.115102,0.0814781,0.0602358,0.0475715
CFA3K,16.055,15.2815,15.03,14.8259,15.5589,15.0372,14.8159,14.7348,224.79,16.6515,0.11661,0.0896004,0.0732757,0.053104,0.104218,0.0737737,0.05454,0.0430732
CFA3K,18.4063,17.3135,16.9166,16.6431,17.7822,17.0298,16.7519,16.6364,181.058,20.3008,0.123484,0.094882,0.077595,0.0562343,0.110361,0.0781224,0.0577549,0.0456123
CFA3K,17.1833,16.1505,15.8096,15.5291,16.6018,15.9117,15.647,15.5409,181.032,20.266,0.122511,0.0941347,0.0769839,0.0557914,0.109492,0.0775071,0.0573001,0.045253
CFA3K,17.4513,16.4965,16.2526,16.0381,16.8605,16.3368,16.1225,16.0439,181.03,20.192,0.12332,0.0947558,0.0774918,0.0561595,0.110214,0.0780184,0.0576781,0.0455516
CFA3K,16.4413,15.6625,15.4836,15.3451,15.9808,15.5721,15.4343,15.3974,180.994,20.2588,0.114486,0.0879685,0.0719411,0.0521368,0.10232,0.07243,0.0535466,0.0422887
CFA3K,17.8393,16.7805,16.4126,16.0151,17.2943,16.6194,16.2749,16.0376,180.985,20.2179,0.113467,0.0871856,0.0713009,0.0516728,0.101409,0.0717854,0.0530701,0.0419124
