survey,CFA4P2-B,CFA4P2-V,CFA4P2-r,CFA4P2-i,PS1-g,PS1-r,PS1-i,PS1-z,RA,DEC,CFA4P2-B_AV,CFA4P2-V_AV,CFA4P2-r_AV,CFA4P2-i_AV,PS1-g_AV,PS1-r_AV,PS1-i_AV,PS1-z_AV
CFA4,16.9204,16.2216,15.9866,15.7547,16.4187,15.9295,15.6954,15.5983,44.5563,6.52149,0.652468,0.500536,0.410991,0.302365,0.594167,0.420599,0.310944,0.245569
CFA4,17.1964,16.4898,16.2414,15.9953,16.7081,16.2155,15.9859,15.899,44.5479,6.6066,0.767409,0.588713,0.483394,0.355631,0.698838,0.494694,0.365721,0.28883
CFA4,16.2039,15.5602,15.3559,15.1353,15.7557,15.2855,15.0786,15.0154,44.5168,6.54705,0.679881,0.521566,0.428259,0.315069,0.61913,0.43827,0.324008,0.255887
CFA4,16.4764,15.9471,15.7819,15.6277,16.1482,15.7745,15.643,15.6191,39.6088,-1.26426,0.108156,0.0829712,0.0681279,0.0501214,0.0984918,0.0697204,0.0515435,0.0407067
CFA4,16.3578,15.494,15.1502,14.8838,15.8499,15.1475,14.8916,14.798,39.5825,-1.37461,0.103547,0.0794354,0.0652246,0.0479855,0.0942945,0.0667493,0.0493469,0.038972
CFA4,15.6717,15.1538,15.0081,14.8753,15.3359,14.9814,14.852,14.8327,39.5231,-1.35239,0.104506,0.0801714,0.0658289,0.0484301,0.0951683,0.0673677,0.0498041,0.0393331
CFA4,17.1678,16.642,16.4778,16.3308,16.8375,16.4829,16.361,16.332,39.4848,-1.2432,0.109313,0.0838589,0.0688567,0.0506576,0.0995455,0.0704663,0.0520949,0.0411422
CFA4,16.461,15.8435,15.6217,15.3899,16.0861,15.6096,15.4233,15.3492,306.685,2.93796,0.471119,0.361416,0.296759,0.218325,0.429022,0.303696,0.224519,0.177315
CFA4,17.6574,16.9421,16.6783,16.4598,17.173,16.6488,16.4712,16.4008,306.684,2.90641,0.461487,0.354027,0.290692,0.213861,0.420251,0.297487,0.219929,0.17369
CFA4,17.491,16.7469,16.4492,16.1632,17.0453,16.4488,16.1837,16.0552,306.675,2.96402,0.471789,0.36193,0.297181,0.218635,0.429633,0.304128,0.224838,0.177567
CFA4,16.2021,15.5523,15.3347,15.1377,15.7863,15.3214,15.1418,15.0957,306.669,2.87179,0.444247,0.340801,0.279833,0.205872,0.404552,0.286374,0.211713,0.167201
CFA4,17.2846,16.6558,16.4423,16.2278,16.8947,16.4277,16.2432,16.1715,306.666,2.95013,0.470015,0.360569,0.296064,0.217813,0.428017,0.302985,0.223993,0.1769
CFA4,17.5317,16.8531,16.615,16.3995,17.0913,16.5977,16.417,16.3429,306.661,2.90707,0.45994,0.35284,0.289718,0.213144,0.418843,0.29649,0.219192,0.173108
CFA4,17.0569,16.3206,16.0496,15.7954,16.5858,16.0259,15.8183,15.7232,306.658,2.837,0.422238,0.323918,0.265969,0.195673,0.38451,0.272187,0.201224,0.158918
CFA4,17.6612,16.8428,16.5297,16.2469,17.118,16.495,16.2409,16.1359,306.657,2.92622,0.467998,0.359022,0.294794,0.216879,0.42618,0.301685,0.223032,0.176141
CFA4,17.5241,16.7808,16.5109,16.2586,17.0086,16.4871,16.2514,16.1686,306.654,2.91814,0.464464,0.35631,0.292567,0.215241,0.422962,0.299406,0.221347,0.17481
CFA4,17.1983,16.3048,15.9456,15.6147,16.6475,15.935,15.6136,15.4816,306.649,2.8838,0.450858,0.345873,0.283997,0.208935,0.410572,0.290636,0.214863,0.169689
CFA4,17.7216,16.7801,16.4065,16.047,17.2084,16.403,16.0771,15.9145,306.643,2.98032,0.46345,0.355533,0.291929,0.214771,0.422039,0.298753,0.220864,0.174429
CFA4,17.7581,16.8541,16.4569,16.1599,17.2153,16.4561,16.1923,16.058,306.64,2.95339,0.466806,0.358107,0.294043,0.216326,0.425095,0.300916,0.222464,0.175692
CFA4,16.0022,15.3445,15.1249,14.9237,15.5791,15.1025,14.9076,14.8575,306.638,2.83297,0.423974,0.325249,0.267062,0.196477,0.38609,0.273305,0.202051,0.159571
CFA4,17.6551,16.8777,16.5564,16.2409,17.1352,16.5615,16.3326,16.2405,306.637,2.93488,0.468366,0.359304,0.295025,0.217049,0.426516,0.301922,0.223207,0.176279
CFA4,17.3259,16.6315,16.3626,16.1145,16.8739,16.3392,16.1014,16.0084,306.633,2.82984,0.423362,0.32478,0.266677,0.196194,0.385533,0.272911,0.20176,0.159341
CFA4,17.8234,17.0662,16.8096,16.5798,17.2716,16.7648,16.579,16.5104,306.632,2.90622,0.46017,0.353017,0.289863,0.213251,0.419052,0.296639,0.219301,0.173194
CFA4,18.1718,17.3918,17.1475,16.8921,17.6026,17.0832,16.8732,16.7892,306.62,2.90924,0.460858,0.353544,0.290296,0.21357,0.419678,0.297082,0.219629,0.173453
CFA4,18.0475,17.4178,17.2289,16.998,17.5808,17.1561,16.9919,16.936,306.619,2.83418,0.428145,0.328449,0.26969,0.19841,0.389888,0.275994,0.204039,0.161141
CFA4,16.7234,16.0422,15.8287,15.6234,16.2583,15.7841,15.6114,15.5549,306.619,2.9229,0.464601,0.356416,0.292654,0.215304,0.423087,0.299495,0.221413,0.174862
CFA4,15.7699,15.1944,15.0168,14.8554,15.393,14.9954,14.8411,14.8128,306.617,2.84961,0.43615,0.33459,0.274732,0.20212,0.397178,0.281155,0.207854,0.164154
CFA4,17.6247,17.098,16.9133,16.7735,17.258,16.8799,16.745,16.7016,306.613,2.98987,0.453739,0.348083,0.285811,0.21027,0.413195,0.292493,0.216236,0.170774
CFA4,16.1197,15.5765,15.4256,15.2898,15.7517,15.384,15.274,15.2608,306.612,2.8263,0.424063,0.325318,0.267119,0.196518,0.386171,0.273363,0.202094,0.159605
CFA4,17.9676,17.3466,17.1536,16.9964,17.5847,17.1859,17.0039,16.9246,306.606,2.98315,0.453875,0.348187,0.285897,0.210334,0.413319,0.292581,0.216301,0.170825
CFA4,17.0424,16.3271,16.0807,15.8837,16.5328,16.0204,15.8377,15.7726,306.602,2.91903,0.461044,0.353687,0.290413,0.213656,0.419847,0.297202,0.219718,0.173523
CFA4,17.1283,16.5981,16.4031,16.2285,16.7569,16.3743,16.2075,16.1713,306.598,2.87385,0.44772,0.343465,0.28202,0.207481,0.407714,0.288613,0.213368,0.168508
CFA4,17.0964,16.4911,16.3218,16.1369,16.7518,16.3128,16.1402,16.0983,306.598,2.84614,0.436284,0.334693,0.274817,0.202182,0.3973,0.281241,0.207918,0.164204
CFA4,17.9504,17.3198,17.0981,16.9871,17.7461,17.3185,17.1452,17.0836,306.597,2.90065,0.456118,0.349908,0.28731,0.211373,0.415361,0.294026,0.21737,0.171669
CFA4,17.6679,16.9823,16.7554,16.5707,17.2265,16.7293,16.5333,16.4755,306.594,2.86915,0.445445,0.34172,0.280587,0.206427,0.405642,0.287146,0.212284,0.167652
CFA4,16.5737,15.9789,15.7592,15.5908,16.1853,15.7565,15.5897,15.5454,306.593,2.9041,0.456287,0.350038,0.287417,0.211451,0.415516,0.294135,0.217451,0.171733
CFA4,17.475,16.6802,16.3825,16.0915,16.9762,16.3447,16.0587,15.9532,306.592,2.87102,0.446072,0.342201,0.280982,0.206718,0.406213,0.28755,0.212583,0.167888
CFA4,17.8426,17.2391,17.0153,16.8009,17.4243,16.9523,16.7458,16.6822,306.579,2.88098,0.448591,0.344133,0.282569,0.207885,0.408507,0.289174,0.213783,0.168836
CFA4,16.7971,16.122,15.9147,15.7227,16.3497,15.8615,15.6854,15.6327,306.577,2.8706,0.444534,0.341021,0.280013,0.206005,0.404813,0.286559,0.211849,0.167309
CFA4,17.6599,17.0844,16.9037,16.7629,17.2211,16.8242,16.6712,16.6143,306.577,2.89962,0.452784,0.347351,0.28521,0.209828,0.412326,0.291877,0.215781,0.170415
CFA4,17.1841,16.5509,16.3384,16.1802,16.7486,16.3101,16.1369,16.0885,306.574,2.89437,0.451094,0.346054,0.284146,0.209045,0.410787,0.290788,0.214976,0.169778
CFA4,17.7228,17.0275,16.8099,16.5944,17.339,16.8398,16.6308,16.552,306.572,2.86047,0.441388,0.338608,0.278032,0.204547,0.401948,0.284531,0.210351,0.166125
CFA4,16.637,15.9776,15.7733,15.5865,16.1868,15.7163,15.5388,15.4923,306.563,2.83859,0.43039,0.330171,0.271104,0.19945,0.391932,0.277441,0.205109,0.161986
CFA4,17.1411,16.4572,16.2294,16.0118,16.6557,16.1554,15.9705,15.9078,306.56,2.84755,0.43607,0.334528,0.274682,0.202082,0.397105,0.281103,0.207816,0.164124
CFA4,17.7991,17.2078,17.0025,16.8187,17.3431,16.9051,16.7321,16.6925,306.558,2.88126,0.445031,0.341403,0.280327,0.206235,0.405266,0.28688,0.212087,0.167497
CFA4,16.058,15.4833,15.3068,15.1629,15.6502,15.2572,15.1276,15.1045,306.557,2.82545,0.418723,0.32122,0.263755,0.194043,0.381308,0.26992,0.199549,0.157595
CFA4,16.396,15.7785,15.6029,15.4488,16.0399,15.616,15.47,15.4378,306.555,2.9148,0.448991,0.344441,0.282821,0.20807,0.408872,0.289432,0.213974,0.168987
CFA4,17.6616,16.7873,16.5061,16.2569,17.1484,16.5284,16.3102,16.2182,306.554,2.89113,0.445648,0.341876,0.280715,0.206521,0.405827,0.287277,0.21238,0.167729
CFA4,17.7665,17.0608,16.8042,16.5642,17.2306,16.7362,16.5235,16.4496,306.551,2.88596,0.444538,0.341024,0.280016,0.206007,0.404816,0.286561,0.211851,0.167311
CFA4,17.4079,16.621,16.3295,16.0691,16.9094,16.2979,16.0417,15.9407,306.549,2.90096,0.44523,0.341555,0.280452,0.206327,0.405447,0.287008,0.212181,0.167571
CFA4,16.7409,15.9959,15.7392,15.532,16.2323,15.6905,15.4985,15.4277,306.543,2.89315,0.442903,0.33977,0.278986,0.205249,0.403327,0.285507,0.211072,0.166695
CFA4,17.7257,17.1231,16.889,16.563,17.4598,16.8364,16.5555,16.4337,306.536,2.91236,0.442392,0.339378,0.278664,0.205012,0.402862,0.285178,0.210829,0.166503
CFA4,17.4872,16.889,16.6272,16.3657,17.1506,16.629,16.3986,16.3155,57.5122,-3.32703,0.457968,0.351327,0.288476,0.21223,0.417046,0.295219,0.218252,0.172366
CFA4,17.642,16.7118,16.2992,15.9326,17.1006,16.2878,15.9523,15.8057,57.5028,-3.30199,0.465086,0.356788,0.292959,0.215529,0.423528,0.299807,0.221644,0.175045
CFA4,17.6769,16.8053,16.4398,16.1315,17.171,16.4368,16.1578,16.0271,57.4976,-3.35484,0.448418,0.344001,0.28246,0.207805,0.40835,0.289063,0.213701,0.168771
CFA4,17.1253,16.4851,16.2439,16.0243,16.743,16.2417,16.0604,15.9948,57.4889,-3.19315,0.454702,0.348821,0.286418,0.210717,0.414072,0.293113,0.216695,0.171136
CFA4,16.4286,15.7822,15.5605,15.3532,16.0203,15.5467,15.3637,15.2968,57.4581,-3.2645,0.469291,0.360014,0.295608,0.217478,0.427358,0.302518,0.223648,0.176627
CFA4,16.9246,16.1857,15.9137,15.6605,16.4733,15.9086,15.6838,15.5846,57.4457,-3.2443,0.470326,0.360807,0.29626,0.217957,0.4283,0.303185,0.224141,0.177017
CFA4,16.3067,15.7713,15.5978,15.4221,15.9935,15.5975,15.4412,15.4111,129.14,28.1484,0.141825,0.1088,0.0893359,0.0657241,0.129152,0.0914243,0.0675888,0.0533786
CFA4,17.2507,16.538,16.2865,16.066,16.846,16.2864,16.0762,16.0013,129.134,28.0899,0.14073,0.10796,0.0886462,0.0652167,0.128155,0.0907184,0.067067,0.0529665
CFA4,16.985,16.2496,15.9704,15.7469,16.5549,15.9857,15.7685,15.7002,129.13,28.1519,0.141617,0.108641,0.0892052,0.0656279,0.128963,0.0912905,0.0674899,0.0533005
CFA4,16.1997,15.4451,15.1526,14.9188,15.7477,15.1544,14.9082,14.8321,129.099,28.0087,0.141897,0.108855,0.0893812,0.0657574,0.129218,0.0914706,0.0676231,0.0534057
CFA4,17.4949,16.8093,16.527,16.2943,17.1001,16.5411,16.3302,16.2652,129.094,28.1409,0.140563,0.107832,0.088541,0.0651393,0.128003,0.0906108,0.0669874,0.0529037
CFA4,17.2185,16.6648,16.4472,16.2859,16.901,16.4724,16.3023,16.2681,129.086,28.1464,0.140442,0.107739,0.0884651,0.0650834,0.127893,0.0905331,0.06693,0.0528583
CFA4,18.2418,17.8008,17.6088,17.4455,17.9475,17.6181,17.4773,17.4544,129.069,28.1196,0.140206,0.107558,0.0883164,0.064974,0.127678,0.0903809,0.0668175,0.0527694
CFA4,16.2701,15.671,15.4883,15.329,15.8856,15.459,15.3017,15.2754,129.045,28.0344,0.138584,0.106314,0.0872945,0.0642223,0.126201,0.0893351,0.0660444,0.0521589
CFA4,17.5906,16.8011,16.4941,16.2379,17.0987,16.4603,16.2089,16.1268,129.032,28.0065,0.136553,0.104755,0.0860149,0.0632808,0.124351,0.0880256,0.0650763,0.0513943
CFA4,16.1497,15.513,15.3015,15.1065,15.7612,15.3062,15.1271,15.0806,129.018,28.105,0.1397,0.10717,0.0879976,0.0647395,0.127217,0.0900547,0.0665763,0.052579
CFA4,18.0611,17.5633,17.4257,17.3257,17.6728,17.3986,17.2774,17.2569,129.011,28.0573,0.137799,0.105711,0.0867998,0.0638583,0.125486,0.0888289,0.0656701,0.0518633
CFA4,16.3052,15.554,15.2913,15.0452,15.8419,15.2635,15.0239,14.9443,129.001,28.0153,0.133845,0.102678,0.0843094,0.0620261,0.121885,0.0862802,0.0637859,0.0503753
CFA4,16.8289,16.2699,16.0964,15.929,16.515,16.1031,15.9524,15.9116,128.996,28.15,0.139769,0.107223,0.088041,0.0647714,0.12728,0.0900991,0.0666091,0.0526049
CFA4,16.8414,16.016,15.6916,15.4232,16.3224,15.6569,15.3929,15.2972,128.995,27.9862,0.131251,0.100688,0.0826754,0.060824,0.119523,0.0846081,0.0625497,0.049399
CFA4,17.899,17.4003,17.2484,17.0829,17.5931,17.2505,17.106,17.0782,32.3931,-23.3973,0.0563028,0.0431923,0.0354653,0.0260917,0.0512718,0.0362943,0.026832,0.0211907
CFA4,17.7659,17.2751,17.1119,16.9536,17.4813,17.1197,16.983,16.9565,32.3459,-23.3669,0.0551824,0.0423328,0.0347596,0.0255725,0.0502516,0.0355721,0.026298,0.020769
CFA4,16.1633,15.6497,15.506,15.363,15.8116,15.4642,15.3432,15.3281,32.2994,-23.4918,0.0613326,0.0470509,0.0386336,0.0284226,0.0558523,0.0395367,0.029229,0.0230838
CFA4,16.8618,16.2094,15.9897,15.8213,16.4806,15.9902,15.8167,15.7688,32.2847,-23.4762,0.0613478,0.0470626,0.0386432,0.0284297,0.0558661,0.0395465,0.0292363,0.0230895
CFA4,16.2585,15.7554,15.6138,15.48,15.9067,15.5625,15.4468,15.4283,32.245,-23.4853,0.0669414,0.0513537,0.0421666,0.0310218,0.0609599,0.0431523,0.031902,0.0251948
CFA4,17.1383,16.4562,16.215,16.0108,16.7113,16.2131,16.0462,15.9772,30.4664,15.3354,0.176472,0.135379,0.11116,0.08178,0.160703,0.113758,0.0841003,0.0664186
CFA4,16.9246,16.101,15.7571,15.4549,16.4661,15.7935,15.5163,15.403,30.439,15.3828,0.1741,0.13356,0.109666,0.0806811,0.158544,0.11223,0.0829702,0.0655261
CFA4,16.1753,15.687,15.5608,15.4249,15.8487,15.5262,15.4052,15.3758,30.4098,15.2462,0.20043,0.153758,0.126251,0.0928826,0.18252,0.129203,0.0955179,0.0754358
CFA4,17.0668,16.1855,15.8273,15.5333,16.5412,15.8262,15.5476,15.5912,30.4061,15.3232,0.185783,0.142522,0.117025,0.0860951,0.169182,0.119761,0.0885378,0.0699232
CFA4,17.9836,17.2788,17.0386,16.8027,17.5194,17.0024,16.7818,16.6993,30.3588,15.2884,0.196426,0.150687,0.12373,0.0910274,0.178875,0.126622,0.09361,0.073929
CFA4,16.8564,16.3184,16.1582,15.9948,16.499,16.1372,16.0075,15.9724,30.3496,15.3565,0.187606,0.143921,0.118174,0.0869401,0.170843,0.120936,0.0894067,0.0706094
CFA4,17.988,17.3374,17.0838,16.8387,17.6056,17.091,16.8657,16.7778,30.3452,15.4133,0.184213,0.141318,0.116036,0.0853674,0.167752,0.118749,0.0877895,0.0693322
CFA4,17.7274,16.8855,16.5693,16.2855,17.2061,16.5532,16.3062,16.2166,5.78278,6.91001,0.0797467,0.0611771,0.0502327,0.036956,0.0726209,0.0514069,0.0380045,0.0300143
CFA4,15.6785,15.1501,14.9838,14.8306,15.3481,14.9802,14.8481,14.8202,5.76806,6.96672,0.083453,0.0640204,0.0525673,0.0386736,0.0759961,0.0537961,0.0397708,0.0314092
CFA4,18.0076,17.1586,16.8117,16.4849,17.5357,16.805,16.5048,16.3558,5.75528,6.93402,0.0837149,0.0642214,0.0527323,0.038795,0.0762346,0.053965,0.0398956,0.0315078
CFA4,16.7916,16.154,15.9477,15.7721,16.4065,15.945,15.7915,15.759,5.74601,7.02472,0.0890776,0.0683353,0.0561103,0.0412801,0.0811181,0.0574219,0.0424513,0.0335262
CFA4,18.1264,17.4452,17.1752,16.9568,17.702,17.1822,16.983,16.9011,5.74423,7.05126,0.090247,0.0692324,0.0568469,0.041822,0.082183,0.0581757,0.0430086,0.0339663
CFA4,17.3217,16.6178,16.357,16.1007,16.9164,16.3502,16.1257,16.0391,5.74094,7.01753,0.0894289,0.0686048,0.0563316,0.0414429,0.081438,0.0576484,0.0426187,0.0336584
CFA4,16.3557,15.6265,15.3606,15.1288,15.9208,15.3617,15.1531,15.0855,5.72999,7.00704,0.0900655,0.0690932,0.0567326,0.041738,0.0820178,0.0580588,0.0429221,0.033898
CFA4,15.3444,14.9417,14.8329,14.7175,15.0787,14.8155,14.7277,14.7191,5.72703,6.95698,0.0884802,0.067877,0.055734,0.0410033,0.0805741,0.0570368,0.0421666,0.0333013
CFA4,15.7468,15.1528,14.9814,14.8201,15.3915,14.9704,14.8473,14.8256,5.70231,7.03266,0.0926131,0.0710475,0.0583373,0.0429185,0.0843377,0.059701,0.0441362,0.0348568
CFA4,18.2006,17.4617,17.1599,16.9109,17.7337,17.1733,16.9364,16.8548,5.69652,6.98727,0.0913077,0.0700461,0.057515,0.0423136,0.0831489,0.0588595,0.0435141,0.0343655
CFA4,17.9562,17.0365,16.6834,16.4007,17.412,16.6743,16.405,16.323,161.74,26.5637,0.111275,0.0853641,0.0700927,0.0515669,0.101332,0.0717312,0.05303,0.0418807
CFA4,16.2674,15.6027,15.38,15.1932,15.841,15.3691,15.1936,15.1346,161.739,26.5349,0.109959,0.0843542,0.0692634,0.0509568,0.100133,0.0708825,0.0524026,0.0413852
CFA4,16.3884,15.5806,15.2911,15.043,15.9019,15.2842,15.0626,14.9791,161.723,26.5715,0.112823,0.0865516,0.0710677,0.0522842,0.102742,0.072729,0.0537677,0.0424633
CFA4,17.0025,16.4234,16.2448,16.0784,16.5985,16.2162,16.0636,16.003,161.7,26.5227,0.111,0.0851529,0.0699193,0.0514393,0.101082,0.0715537,0.0528988,0.0417771
CFA4,16.7209,15.9759,15.7018,15.4701,16.2594,15.6929,15.4742,15.3972,348.853,18.9349,0.443625,0.340324,0.279441,0.205584,0.403985,0.285973,0.211416,0.166967
CFA4,16.626,15.8819,15.6119,15.3515,16.2009,15.6173,15.3916,15.2997,348.764,19.0846,0.519667,0.398659,0.32734,0.240823,0.473232,0.334992,0.247655,0.195587
CFA4,16.3434,15.5356,15.2379,14.9857,15.8512,15.2197,14.9816,14.8801,348.76,18.9939,0.49276,0.378018,0.310391,0.228354,0.44873,0.317647,0.234833,0.18546
CFA4,16.7587,16.1814,16.0007,15.7985,16.4131,15.9937,15.8347,15.7755,220.667,-17.2216,0.344091,0.263967,0.216744,0.159458,0.313344,0.22181,0.163982,0.129505
CFA4,17.3981,16.8321,16.6781,16.5014,17.1993,16.7835,16.6072,16.5382,220.642,-17.2348,0.345018,0.264678,0.217328,0.159887,0.314189,0.222408,0.164424,0.129854
CFA4,16.7984,16.0324,15.7655,15.5051,16.3589,15.7564,15.5223,15.4225,220.628,-17.2826,0.346776,0.266027,0.218435,0.160702,0.31579,0.223542,0.165262,0.130516
CFA4,16.5424,15.8943,15.6839,15.4878,16.1504,15.6755,15.517,15.4676,38.2438,0.55225,0.0850812,0.0652695,0.0535929,0.0394281,0.0774788,0.0548457,0.0405468,0.032022
CFA4,15.5059,14.9722,14.8152,14.6855,15.168,14.8148,14.6966,14.6865,38.2344,0.529997,0.0848545,0.0650956,0.0534501,0.0393231,0.0772723,0.0546996,0.0404387,0.0319367
CFA4,16.744,16.2619,16.1058,15.9537,16.4596,16.1182,15.9966,15.9715,38.2203,0.66086,0.0948196,0.0727403,0.0597272,0.0439411,0.086347,0.0611234,0.0451878,0.0356873
CFA4,17.4012,16.7689,16.5379,16.345,17.0033,16.5407,16.3614,16.3126,38.1839,0.623914,0.0994535,0.0762951,0.0626461,0.0460885,0.0905669,0.0641105,0.0473961,0.0374313
CFA4,16.4627,15.674,15.3979,15.1508,15.9775,15.3793,15.1377,15.0455,38.1339,0.592973,0.0943391,0.0723717,0.0594245,0.0437184,0.0859095,0.0608137,0.0449588,0.0355064
CFA4,16.9436,16.4667,16.3415,16.2087,16.612,16.299,16.173,16.1667,38.1012,0.586603,0.0900363,0.0690708,0.0567142,0.0417244,0.0819911,0.0580399,0.0429082,0.033887
CFA4,16.8303,16.0294,15.7358,15.5041,16.3317,15.7291,15.5069,15.4303,256.008,31.4181,0.109417,0.0839385,0.0689221,0.0507057,0.0996401,0.0705333,0.0521444,0.0411813
CFA4,17.0483,16.4422,16.2399,16.0715,16.6326,16.2229,16.055,16.0143,256.008,31.4132,0.109615,0.0840903,0.0690467,0.0507974,0.0998202,0.0706607,0.0522386,0.0412557
CFA4,16.5439,15.757,15.4809,15.2543,16.0585,15.4867,15.2666,15.2032,256.006,31.5638,0.0989721,0.0759258,0.0623428,0.0458654,0.0901284,0.0638002,0.0471667,0.0372501
CFA4,16.8407,16.2634,16.094,15.9398,16.4469,16.0668,15.9269,15.9098,256.004,31.5453,0.101885,0.0781605,0.0641777,0.0472153,0.0927812,0.065678,0.0485549,0.0383465
CFA4,16.3315,15.7437,15.5548,15.4048,15.9786,15.5759,15.4308,15.4109,256.003,31.5843,0.0956838,0.0734032,0.0602715,0.0443415,0.087134,0.0616804,0.0455996,0.0360125
CFA4,17.4485,16.9961,16.8565,16.738,17.1149,16.8366,16.7207,16.7101,255.992,31.5133,0.104017,0.0797961,0.0655207,0.0482034,0.0947227,0.0670523,0.049571,0.0391489
CFA4,17.7503,16.9416,16.6316,16.3795,17.2184,16.6055,16.3645,16.2882,255.978,31.4485,0.108895,0.0835383,0.0685935,0.050464,0.099165,0.070197,0.0518957,0.0409849
CFA4,16.8182,16.1771,15.9862,15.8105,16.3876,15.9559,15.7981,15.7665,255.97,31.4306,0.110116,0.0844747,0.0693623,0.0510296,0.100277,0.0709838,0.0524774,0.0414443
CFA4,16.8911,16.1732,15.9237,15.695,16.4659,15.9372,15.7196,15.6506,255.963,31.5646,0.0961458,0.0737577,0.0605626,0.0445557,0.0875548,0.0619783,0.0458198,0.0361864
CFA4,17.1281,16.6215,16.4768,16.3358,16.7653,16.4385,16.3078,16.2881,255.954,31.4323,0.110412,0.0847018,0.0695488,0.0511668,0.100546,0.0711746,0.0526185,0.0415558
CFA4,15.961,15.3941,15.2371,15.0859,15.5659,15.1915,15.0566,15.0361,255.949,31.427,0.110807,0.0850048,0.0697976,0.0513498,0.100906,0.0714292,0.0528067,0.0417044
CFA4,17.5365,16.7461,16.4515,16.229,17.2494,16.7032,16.4919,16.4211,255.948,31.4888,0.105373,0.0808359,0.0663745,0.0488315,0.0959571,0.0679261,0.050217,0.0396591
CFA4,16.3163,15.6508,15.4506,15.2944,15.8504,15.4146,15.2599,15.2374,255.938,31.4573,0.108638,0.0833407,0.0684312,0.0503446,0.0989304,0.0700309,0.051773,0.040888
CFA4,16.255,15.3677,15.0002,14.7114,15.7141,14.9805,14.6965,14.5956,255.937,31.4764,0.106358,0.0815916,0.0669951,0.049288,0.0968541,0.0685611,0.0506864,0.0400299
CFA4,16.4471,15.8558,15.6741,15.5128,16.0139,15.6266,15.4906,15.4388,255.929,31.4676,0.107284,0.0823022,0.0675785,0.0497172,0.0976976,0.0691582,0.0511278,0.0403785
CFA4,16.1517,15.3971,15.1467,14.9507,15.6821,15.15,14.9661,14.9155,255.926,31.5391,0.098467,0.0755383,0.0620247,0.0456313,0.0896685,0.0634746,0.046926,0.0370601
CFA4,17.2289,16.6358,16.4562,16.3205,16.8666,16.4792,16.3426,16.3177,255.923,31.5741,0.0933761,0.0716329,0.0588179,0.0432721,0.0850325,0.0601928,0.0444998,0.035144
CFA4,16.4925,15.9475,15.7997,15.6731,16.0831,15.7441,15.6202,15.6066,255.906,31.4208,0.111392,0.0854534,0.070166,0.0516209,0.101438,0.0718062,0.0530855,0.0419245
CFA4,16.2674,15.6875,15.513,15.3475,15.8559,15.4701,15.3099,15.2726,255.896,31.4639,0.107548,0.0825047,0.0677448,0.0498396,0.097938,0.0693284,0.0512536,0.0404778
CFA4,17.8528,17.2335,17.0262,16.8362,17.4598,17.0325,16.8578,16.7969,255.884,31.5738,0.0978346,0.0750532,0.0616263,0.0453383,0.0890926,0.0630669,0.0466246,0.036822
CFA4,16.1155,15.3845,15.1063,14.8961,15.702,15.1065,14.8825,14.7948,194.937,27.9493,0.0304721,0.0233765,0.0191945,0.0141213,0.0277492,0.0196431,0.0145219,0.0114688
CFA4,17.271,16.7294,16.5395,16.3762,16.8899,16.5066,16.3352,16.2945,194.922,28.0022,0.026978,0.020696,0.0169935,0.0125021,0.0245674,0.0173908,0.0128568,0.0101537
CFA4,17.229,16.6709,16.5097,16.3811,16.8733,16.4804,16.3315,16.2987,194.861,28.0066,0.0299061,0.0229423,0.0188379,0.013859,0.0272338,0.0192783,0.0142522,0.0112558
CFA4,18.0556,17.5953,17.4464,17.3127,17.6619,17.3719,17.274,17.2539,194.855,27.9854,0.0322894,0.0247706,0.0203392,0.0149635,0.0294042,0.0208147,0.015388,0.0121528
CFA4,16.7729,15.9431,15.6485,15.4578,16.2637,15.6194,15.3963,15.3275,194.853,27.94,0.0370031,0.0283867,0.0233084,0.0171479,0.0336967,0.0238532,0.0176344,0.0139269
CFA4,16.578,16.1212,16.0052,15.9144,16.2154,15.9494,15.8468,15.8383,194.816,27.9529,0.0391292,0.0300177,0.0246476,0.0181331,0.0356328,0.0252237,0.0186476,0.014727
CFA4,17.3841,16.9282,16.8009,16.6732,17.0722,16.7745,16.6688,16.6654,194.807,28.0362,0.0325902,0.0250014,0.0205287,0.0151029,0.0296782,0.0210086,0.0155314,0.012266
CFA4,16.195,15.5103,15.2701,15.1028,15.7739,15.2537,15.0659,15.0057,194.799,28.001,0.034748,0.0266567,0.0218879,0.0161029,0.0316431,0.0223996,0.0165597,0.0130781
CFA4,16.7664,16.1017,15.8821,15.7034,16.3652,15.8846,15.6966,15.6333,194.767,28.0634,0.0350182,0.026864,0.022058,0.016228,0.0318891,0.0225737,0.0166884,0.0131798
CFA4,16.1088,15.2869,14.9862,14.7166,15.6177,14.9888,14.6905,14.5861,194.755,28.0344,0.032662,0.0250564,0.0205739,0.0151361,0.0297435,0.0210548,0.0155656,0.012293
CFA4,17.6045,17.0595,16.8625,16.6868,17.266,16.8499,16.6823,16.632,202.436,11.8689,0.105628,0.0810317,0.0665353,0.0489498,0.0961895,0.0680907,0.0503386,0.0397552
CFA4,17.8712,17.3567,17.1504,16.9758,17.5966,17.1537,16.9772,16.9073,202.435,11.7954,0.106146,0.0814293,0.0668618,0.0491899,0.0966614,0.0684247,0.0505856,0.0399502
CFA4,17.5957,16.8411,16.5424,16.3005,17.1838,16.5785,16.344,16.2512,202.382,11.8741,0.114992,0.0882152,0.0724337,0.0532892,0.104717,0.0741269,0.0548011,0.0432795
CFA4,17.3447,16.6486,16.395,16.1878,16.9217,16.3885,16.2035,16.1331,202.377,11.8054,0.117268,0.0899614,0.0738675,0.0543441,0.10679,0.0755943,0.0558859,0.0441362
CFA4,17.7571,17.2505,17.116,16.9792,17.4513,17.121,17.0094,16.9807,202.375,11.8472,0.114671,0.0879691,0.0722316,0.0531405,0.104425,0.0739201,0.0546482,0.0431587
CFA4,18.0033,17.5579,17.4347,17.2538,17.7539,17.4344,17.2929,17.2588,202.36,11.8733,0.11614,0.0890964,0.0731573,0.0538215,0.105763,0.0748674,0.0553486,0.0437118
CFA4,17.8962,17.3145,17.1852,17.0114,17.5057,17.1351,17.0078,16.9804,202.354,11.7586,0.112995,0.0866831,0.0711757,0.0523637,0.102898,0.0728395,0.0538493,0.0425278
CFA4,17.6873,17.199,17.0276,16.8939,17.3849,17.0301,16.9034,16.8815,250.894,32.6111,0.115132,0.088323,0.0725222,0.0533543,0.104845,0.0742175,0.0548681,0.0433323
CFA4,15.95,15.2399,14.9946,14.7812,15.5357,15.0069,14.7995,14.7459,250.875,32.6352,0.118074,0.0905795,0.0743751,0.0547175,0.107523,0.0761137,0.0562699,0.0444395
CFA4,17.2995,16.7292,16.5465,16.3944,16.9492,16.5535,16.4015,16.3739,250.87,32.6025,0.11373,0.0872471,0.0716387,0.0527044,0.103567,0.0733134,0.0541997,0.0428045
CFA4,17.0004,16.3357,16.1243,15.9241,16.614,16.1316,15.9473,15.8986,250.86,32.745,0.117779,0.0903537,0.0741896,0.054581,0.107255,0.0759239,0.0561296,0.0443286
CFA4,17.7671,17.2517,17.0752,16.9374,17.394,17.0748,16.943,16.926,250.846,32.6299,0.117143,0.0898652,0.0737885,0.054286,0.106675,0.0755134,0.0558262,0.044089
CFA4,16.9156,16.3968,16.2388,16.0999,16.5667,16.2302,16.1092,16.0973,250.828,32.6469,0.116882,0.0896656,0.0736246,0.0541654,0.106438,0.0753457,0.0557021,0.0439911
CFA4,17.256,16.7144,16.5512,16.395,16.8884,16.5259,16.3934,16.3722,250.824,32.5975,0.110855,0.0850416,0.0698278,0.0513721,0.100949,0.0714601,0.0528296,0.0417224
CFA4,17.8644,17.2757,17.1279,16.9849,17.4132,17.0851,16.9731,16.9405,250.812,32.6299,0.114951,0.088184,0.072408,0.0532703,0.10468,0.0741007,0.0547817,0.0432642
CFA4,15.7626,15.125,14.9259,14.7472,15.3871,14.9442,14.7676,14.731,250.801,32.7214,0.112219,0.0860883,0.0706873,0.0520044,0.102192,0.0723397,0.0534799,0.042236
CFA4,15.7692,15.1788,15.0012,14.8532,15.3546,14.9702,14.815,14.7923,250.776,32.6164,0.111153,0.0852702,0.0700155,0.0515102,0.101221,0.0716522,0.0529716,0.0418346
CFA4,17.892,17.4527,17.2731,17.1496,17.5885,17.2553,17.1335,17.12,250.74,32.7006,0.10746,0.0824371,0.0676893,0.0497988,0.0978578,0.0692716,0.0512117,0.0404447
CFA4,17.4485,16.5733,16.2172,15.9344,16.9624,16.261,15.9773,15.8719,250.724,32.7531,0.105825,0.0811831,0.0666596,0.0490412,0.0963691,0.0682178,0.0504326,0.0398294
CFA4,17.4878,16.9786,16.8226,16.6796,17.1493,16.825,16.693,16.6783,250.715,32.7223,0.105113,0.0806368,0.0662111,0.0487112,0.0957207,0.0677588,0.0500933,0.0395614
CFA4,15.9346,15.4412,15.2985,15.179,15.5618,15.2587,15.1484,15.1453,250.711,32.6756,0.107991,0.0828443,0.0680236,0.0500447,0.0983411,0.0696137,0.0514646,0.0406444
CFA4,16.131,15.4628,15.2298,15.001,15.7538,15.2465,15.0272,14.9542,230.748,-5.93134,0.314736,0.241448,0.198253,0.145854,0.286613,0.202887,0.149992,0.118457
CFA4,16.2043,15.4034,15.1077,14.8085,15.7471,15.1339,14.8536,14.7299,230.745,-5.95816,0.315512,0.242043,0.198742,0.146214,0.287319,0.203388,0.150362,0.118749
CFA4,17.2339,16.5989,16.3813,16.1699,16.8747,16.3902,16.1935,16.1406,230.738,-5.88039,0.313022,0.240133,0.197173,0.14506,0.285052,0.201783,0.149175,0.117812
CFA4,16.4725,15.8594,15.653,15.4682,16.1289,15.668,15.4972,15.4675,230.733,-5.88559,0.313715,0.240664,0.19761,0.145381,0.285683,0.202229,0.149506,0.118073
CFA4,17.1261,16.6624,16.5094,16.3624,16.8478,16.5079,16.3703,16.3483,230.732,-5.9082,0.31444,0.241221,0.198067,0.145717,0.286343,0.202697,0.149851,0.118346
CFA4,16.4474,15.5626,15.1725,14.7722,15.912,15.1607,14.8232,14.5597,230.705,-5.97052,0.315011,0.241659,0.198427,0.145982,0.286864,0.203065,0.150124,0.118561
CFA4,15.8873,15.1877,14.9505,14.7453,15.4695,14.9709,14.777,14.7109,230.694,-5.88693,0.318122,0.244045,0.200386,0.147423,0.289696,0.20507,0.151606,0.119732
CFA4,16.8292,16.2816,16.0968,15.913,16.5436,16.1396,15.9537,15.9124,230.693,-5.83922,0.31796,0.243921,0.200284,0.147348,0.289549,0.204966,0.151529,0.119671
CFA4,17.2263,16.3923,16.1387,15.8854,16.791,16.1705,15.9243,15.8176,230.664,-5.99353,0.312167,0.239477,0.196635,0.144664,0.284273,0.201232,0.148768,0.11749
CFA4,16.9848,16.3743,16.2008,16.0395,16.5823,16.1717,16.0119,15.9609,230.655,-5.96507,0.312889,0.240031,0.19709,0.144998,0.284931,0.201697,0.149112,0.117762
CFA4,16.3028,15.6757,15.4571,15.2723,15.9622,15.4987,15.3182,15.2568,230.637,-5.83701,0.322793,0.247629,0.203329,0.149588,0.29395,0.208082,0.153832,0.12149
CFA4,16.5499,15.9315,15.7313,15.5588,16.1277,15.7101,15.5421,15.4947,230.623,-5.91856,0.318613,0.244422,0.200695,0.147651,0.290143,0.205387,0.15184,0.119916
CFA4,17.0841,16.2308,15.9115,15.5693,16.6141,15.9525,15.6346,15.5023,230.615,-5.8492,0.323457,0.248138,0.203747,0.149896,0.294555,0.20851,0.154149,0.12174
CFA4,16.5611,16.038,15.8635,15.699,16.2803,15.8994,15.747,15.701,230.607,-5.83306,0.32323,0.247964,0.203603,0.14979,0.294348,0.208363,0.15404,0.121654
CFA4,17.0527,16.4501,16.252,16.0764,16.649,16.2313,16.0589,16.0308,230.597,-5.89532,0.321154,0.246372,0.202296,0.148829,0.292458,0.207025,0.153051,0.120873
CFA4,17.2601,16.6181,16.3985,16.2045,16.882,16.385,16.2119,16.1582,121.68,1.03189,0.100744,0.0772849,0.0634588,0.0466864,0.0917418,0.0649422,0.048011,0.0379169
CFA4,15.868,15.2758,15.0777,14.9,15.4976,15.0652,14.9157,14.8705,121.68,0.974326,0.0966824,0.0741693,0.0609006,0.0448043,0.0880434,0.0623242,0.0460755,0.0363884
CFA4,16.9828,16.2798,16.0426,15.8651,16.6138,16.0779,15.887,15.8446,121.676,1.09568,0.105847,0.0811997,0.0666732,0.0490513,0.0963889,0.0682318,0.0504429,0.0398376
CFA4,16.7177,16.2505,16.1232,16.0017,16.4166,16.1035,16.0099,16.0105,121.674,1.07508,0.104645,0.0802775,0.0659161,0.0484942,0.0952942,0.0674569,0.0498701,0.0393852
CFA4,16.1768,15.3802,15.06,14.7925,15.7234,15.0656,14.8088,14.6865,121.673,1.00078,0.0981612,0.0753037,0.061832,0.0454896,0.08939,0.0632774,0.0467802,0.0369449
CFA4,15.7063,15.2102,15.0634,14.9297,15.4061,15.0566,14.9329,14.9193,121.668,1.03398,0.101146,0.0775935,0.0637122,0.0468729,0.0921082,0.0652016,0.0482027,0.0380684
CFA4,15.6491,15.2526,15.1571,15.0836,15.3756,15.1369,15.0823,15.0893,121.656,0.985784,0.0971415,0.0745215,0.0611898,0.0450171,0.0884615,0.0626201,0.0462943,0.0365612
CFA4,17.6695,16.9969,16.767,16.5905,17.2926,16.7939,16.6231,16.5554,121.654,1.12567,0.106867,0.0819821,0.0673157,0.0495239,0.0973177,0.0688893,0.050929,0.0402214
CFA4,15.5495,15.1224,15.0187,14.9319,15.2681,15.0061,14.935,14.9303,121.647,1.0016,0.0985797,0.0756248,0.0620957,0.0456836,0.0897712,0.0635472,0.0469797,0.0371025
CFA4,17.3339,16.5801,16.3122,16.1122,16.8446,16.2839,16.0882,16.0548,121.646,1.09332,0.106635,0.0818043,0.0671697,0.0494165,0.0971066,0.0687399,0.0508186,0.0401342
CFA4,17.304,16.7965,16.6734,16.5815,16.9919,16.6835,16.5906,16.5744,121.644,0.963749,0.0959055,0.0735733,0.0604112,0.0444443,0.0873359,0.0618234,0.0457053,0.036096
CFA4,15.9435,15.1784,14.8992,14.6491,15.4839,14.8927,14.6599,14.5565,121.64,1.01353,0.100229,0.0768899,0.0631344,0.0464478,0.0912729,0.0646103,0.0477656,0.0377231
CFA4,17.4844,16.8704,16.6805,16.5294,17.0978,16.6662,16.5023,16.449,121.628,0.966061,0.0957671,0.0734671,0.060324,0.0443801,0.0872098,0.0617341,0.0456393,0.0360439
CFA4,16.2439,15.4395,15.1561,14.8968,15.7972,15.1946,14.9518,14.8424,121.627,1.1258,0.106081,0.0813793,0.0668207,0.0491598,0.0966021,0.0683828,0.0505545,0.0399257
CFA4,17.243,16.4394,16.1325,15.8865,16.7581,16.1213,15.8744,15.7768,121.625,0.978811,0.0968546,0.0743014,0.061009,0.0448841,0.0882002,0.0624352,0.0461576,0.0364532
CFA4,16.9704,16.4411,16.2666,16.1165,16.6457,16.2526,16.1335,16.1021,121.624,1.10148,0.10653,0.0817236,0.0671034,0.0493677,0.0970108,0.068672,0.0507684,0.0400946
CFA4,15.6842,15.2291,15.1142,15.0192,15.3998,15.1031,15.029,15.0347,121.62,1.08321,0.106928,0.0820294,0.0673545,0.0495525,0.0973738,0.068929,0.0509584,0.0402447
CFA4,17.5914,16.7748,16.4699,16.2454,17.0889,16.4436,16.2206,16.1401,121.59,1.00526,0.100719,0.077266,0.0634433,0.046675,0.0917193,0.0649263,0.0479992,0.0379077
CFA4,15.923,15.1623,14.878,14.6872,15.4601,14.8767,14.6981,14.6293,121.589,1.04058,0.106435,0.0816512,0.067044,0.049324,0.0969249,0.0686112,0.0507235,0.0400591
CFA4,16.7703,16.2655,16.1248,16.0033,16.4373,16.1015,16.011,15.9919,121.589,1.06439,0.10715,0.0821997,0.0674943,0.0496553,0.0975759,0.0690721,0.0510641,0.0403282
CFA4,17.1288,16.5943,16.4393,16.3024,16.7726,16.4207,16.2956,16.2769,121.588,1.09757,0.106135,0.0814208,0.0668548,0.0491848,0.0966514,0.0684176,0.0505803,0.0399461
CFA4,15.8524,15.1624,14.9222,14.6986,15.4455,14.9208,14.7223,14.6474,121.587,1.10492,0.10568,0.0810716,0.066568,0.0489739,0.0962368,0.0681242,0.0503634,0.0397747
CFA4,16.0099,15.3408,15.114,14.9088,15.5943,15.1023,14.9012,14.845,121.579,1.02736,0.104452,0.0801296,0.0657946,0.0484049,0.0951187,0.0673326,0.0497782,0.0393126
CFA4,16.508,16.0512,15.9208,15.8167,16.187,15.8846,15.7858,15.7701,121.565,1.01844,0.103067,0.0790674,0.0649224,0.0477632,0.0938578,0.0664401,0.0491183,0.0387915
CFA4,17.6506,17.013,16.8016,16.6505,17.2287,16.7857,16.6412,16.5958,121.559,1.05628,0.106253,0.081511,0.0669288,0.0492393,0.0967584,0.0684934,0.0506363,0.0399903
CFA4,16.722,15.9438,15.6584,15.439,16.2519,15.6474,15.4445,15.3651,121.558,1.069,0.106368,0.0815997,0.0670017,0.0492929,0.0968638,0.068568,0.0506915,0.0400339
CFA4,16.3611,15.9227,15.818,15.7261,16.0568,15.7861,15.715,15.7178,121.546,1.04833,0.105743,0.0811202,0.0666079,0.0490032,0.0962945,0.068165,0.0503935,0.0397986
CFA4,17.8587,17.1372,16.8375,16.6017,17.3807,16.7805,16.5438,16.4487,121.542,0.992155,0.10027,0.0769216,0.0631605,0.0464669,0.0913105,0.0646369,0.0477853,0.0377387
CFA4,16.2455,15.759,15.6009,15.4784,15.9289,15.5957,15.4754,15.4455,121.541,1.03713,0.105016,0.0805626,0.0661501,0.0486664,0.0956327,0.0676965,0.0500472,0.039525
CFA4,17.5275,17.0157,16.8545,16.7279,17.1705,16.7962,16.6709,16.6531,121.54,1.00497,0.101632,0.077966,0.0640181,0.0470979,0.0925503,0.0655146,0.0484341,0.0382511
CFA4,16.3349,15.6912,15.4879,15.3328,15.9016,15.4371,15.282,15.2405,121.535,0.967289,0.0981305,0.0752802,0.0618127,0.0454754,0.089362,0.0632576,0.0467656,0.0369334
CFA4,15.5766,15.1338,15.0158,14.9229,15.2851,15.0072,14.9225,14.9199,121.533,1.06924,0.106133,0.0814195,0.0668537,0.049184,0.0966498,0.0684165,0.0505795,0.0399454
CFA4,17.6049,16.8852,16.6635,16.4767,17.1403,16.6147,16.4383,16.3637,121.53,1.01579,0.10303,0.0790391,0.0648992,0.0477461,0.0938241,0.0664163,0.0491007,0.0387776
CFA4,17.7013,17.1117,16.9023,16.7472,17.3372,16.8876,16.7347,16.7056,162.938,65.7728,0.0552428,0.0423792,0.0347976,0.0256005,0.0503066,0.0356111,0.0263268,0.0207918
CFA4,16.9699,16.1489,15.8522,15.6073,16.4957,15.8674,15.6333,15.5438,162.912,65.7003,0.0579389,0.0444475,0.0364959,0.0268499,0.0527618,0.037349,0.0276117,0.0218065
CFA4,17.6834,16.9174,16.6454,16.385,17.253,16.6465,16.4023,16.3043,162.905,65.7098,0.0572788,0.0439411,0.0360801,0.026544,0.0521607,0.0369235,0.0272971,0.021558
CFA4,15.6412,15.0508,14.867,14.7047,15.2803,14.8625,14.7177,14.6896,162.857,65.8023,0.0485242,0.0372251,0.0305656,0.022487,0.0441884,0.0312801,0.023125,0.0182631
CFA4,16.9758,16.2893,16.0553,15.8501,16.5564,16.0415,15.8511,15.7887,162.833,65.7253,0.0529097,0.0405893,0.033328,0.0245193,0.048182,0.0341071,0.0252149,0.0199136
CFA4,16.522,15.6766,15.346,15.1124,16.0476,15.3486,15.1279,15.0489,162.814,65.7445,0.0503374,0.038616,0.0317077,0.0233272,0.0458395,0.0324489,0.0239891,0.0189455
CFA4,16.0219,15.5817,15.4308,15.2848,15.7557,15.4299,15.3007,15.263,162.776,65.8307,0.0437842,0.0335888,0.0275798,0.0202904,0.0398719,0.0282245,0.0208661,0.0164791
CFA4,17.5742,17.085,16.9198,16.7359,17.266,16.9064,16.7457,16.7013,162.75,65.7489,0.0459642,0.0352611,0.028953,0.0213006,0.0418571,0.0296298,0.021905,0.0172996
CFA4,16.4794,15.8147,15.593,15.3929,16.0839,15.5917,15.4124,15.3647,162.73,65.8251,0.0430036,0.03299,0.0270881,0.0199286,0.0391611,0.0277213,0.020494,0.0161853
CFA4,18.2679,17.6329,17.3897,17.1988,17.9095,17.4095,17.2273,17.1725,162.648,65.8591,0.0407282,0.0312444,0.0256548,0.0188742,0.0370889,0.0262545,0.0194097,0.0153289
CFA4,18.1993,17.5338,17.2946,17.0945,17.7755,17.2862,17.0982,17.0389,162.614,65.8296,0.04064,0.0311767,0.0255992,0.0188333,0.0370086,0.0261977,0.0193676,0.0152957
CFA4,16.4405,15.9715,15.8453,15.735,16.1228,15.8109,15.7021,15.6908,162.583,65.7637,0.0409292,0.0313985,0.0257814,0.0189673,0.037272,0.0263841,0.0195054,0.0154045
CFA4,16.7124,16.1071,15.9357,15.7785,16.3348,15.9378,15.7977,15.7628,204.197,5.21238,0.0885405,0.0679233,0.055772,0.0410312,0.080629,0.0570757,0.0421954,0.033324
CFA4,16.6898,15.8514,15.49,15.1766,16.2036,15.4678,15.1857,15.0577,204.197,5.13738,0.0906348,0.0695299,0.0570912,0.0420018,0.0825362,0.0584257,0.0431934,0.0341123
CFA4,18.4621,17.8036,17.5367,17.3264,18.0184,17.5316,17.3255,17.2466,204.172,5.20375,0.0879397,0.0674623,0.0553935,0.0407528,0.0800818,0.0566884,0.041909,0.0330979
CFA4,16.5206,15.9512,15.75,15.5519,16.1642,15.7288,15.5324,15.4626,204.151,5.10147,0.0937134,0.0718917,0.0590304,0.0434284,0.0853397,0.0604103,0.0446606,0.0352709
CFA4,17.0958,16.46,16.2311,16.0146,16.7042,16.2128,16.0265,15.9439,204.121,5.14963,0.0918524,0.0704639,0.0578581,0.042566,0.0836449,0.0592106,0.0437737,0.0345705
CFA4,17.3268,16.5643,16.2071,15.9224,16.8929,16.1973,15.9209,15.7954,230.044,4.84796,0.144001,0.11047,0.0907069,0.0667328,0.131134,0.0928273,0.0686261,0.0541978
CFA4,17.0902,16.5085,16.3412,16.1409,16.7231,16.3403,16.1925,16.149,230.034,4.97034,0.144814,0.111093,0.0912185,0.0671092,0.131874,0.0933509,0.0690132,0.0545035
CFA4,16.6781,16.1462,16.0004,15.9158,16.3475,16.0023,15.8752,15.8345,230.029,4.98979,0.14612,0.112095,0.0920413,0.0677145,0.133063,0.0941929,0.0696357,0.0549951
CFA4,17.662,16.9266,16.632,16.3174,17.2035,16.639,16.4217,16.3274,230.029,4.97409,0.145311,0.111475,0.0915321,0.0673398,0.132327,0.0936718,0.0692504,0.0546909
CFA4,15.9935,15.2119,14.9357,14.6487,15.526,14.9393,14.7019,14.6099,230.02,4.96084,0.145332,0.11149,0.0915449,0.0673493,0.132346,0.0936849,0.0692601,0.0546985
CFA4,17.2611,16.3571,16.0009,15.623,16.7488,15.9762,15.6856,15.5575,230.013,4.85982,0.145767,0.111824,0.091819,0.0675509,0.132742,0.0939653,0.0694674,0.0548623
CFA4,16.7319,16.0628,15.8463,15.6338,16.3303,15.8443,15.655,15.5808,230.007,4.95619,0.146007,0.112008,0.09197,0.067662,0.13296,0.0941199,0.0695817,0.0549525
CFA4,17.6423,16.892,16.6108,16.29,17.1481,16.5963,16.3753,16.2788,230.007,4.90816,0.144914,0.11117,0.0912818,0.0671557,0.131965,0.0934156,0.069061,0.0545413
CFA4,16.0548,15.2748,15.0059,14.7577,15.5842,14.9939,14.799,14.7167,230.004,4.89164,0.145255,0.111431,0.0914966,0.0673137,0.132276,0.0936355,0.0692235,0.0546697
CFA4,17.3265,16.84,16.7096,16.5338,17.022,16.6704,16.5532,16.5107,230.004,4.82192,0.146863,0.112665,0.0925097,0.068059,0.13374,0.0946722,0.06999,0.055275
CFA4,16.9358,16.2152,15.9442,15.7063,16.519,15.9655,15.7481,15.6593,229.994,4.98881,0.148447,0.11388,0.0935074,0.068793,0.135183,0.0956932,0.0707448,0.0558711
CFA4,16.5557,16.0544,15.8983,15.7462,16.2284,15.8764,15.7357,15.6788,229.985,4.85566,0.147862,0.113431,0.0931385,0.0685217,0.134649,0.0953157,0.0704658,0.0556507
CFA4,16.7587,16.122,15.9044,15.6981,16.3938,15.92,15.734,15.6528,229.982,4.84121,0.1486,0.113998,0.0936038,0.068864,0.135322,0.0957919,0.0708178,0.0559287
CFA4,17.7682,17.2713,17.0988,16.9375,17.4098,17.0565,16.9128,16.8715,229.975,4.86014,0.148383,0.113831,0.0934668,0.0687632,0.135124,0.0956517,0.0707141,0.0558469
CFA4,16.1505,15.3348,15.0094,14.7133,15.6518,14.9831,14.725,14.6142,229.965,4.84028,0.149847,0.114954,0.0943894,0.0694419,0.136458,0.0965958,0.0714121,0.0563981
CFA4,18.0142,17.5426,17.483,17.3409,17.6928,17.429,17.3158,17.3011,229.958,4.87142,0.149155,0.114423,0.093953,0.0691208,0.135827,0.0961492,0.0710819,0.0561373
CFA4,16.4889,15.8627,15.6861,15.5248,16.0822,15.6456,15.4896,15.4366,229.95,4.84881,0.150668,0.115584,0.0949062,0.0698222,0.137205,0.0971248,0.0718032,0.0567069
CFA4,16.0955,15.4824,15.2801,15.0984,15.6883,15.2486,15.0834,15.029,229.946,4.84662,0.151059,0.115884,0.0951524,0.0700033,0.137561,0.0973767,0.0719894,0.056854
CFA4,17.4265,16.9147,16.7401,16.587,17.0845,16.7215,16.5823,16.5363,229.926,4.92565,0.150945,0.115796,0.0950807,0.0699505,0.137457,0.0973033,0.0719351,0.0568112
CFA4,16.4798,15.8352,15.6278,15.441,16.0495,15.6083,15.457,15.4156,229.922,4.89148,0.150823,0.115703,0.0950042,0.0698942,0.137347,0.097225,0.0718773,0.0567655
CFA4,17.4091,16.8178,16.6351,16.5249,16.9915,16.6198,16.4767,16.4454,229.916,4.86083,0.152101,0.116683,0.095809,0.0704863,0.13851,0.0980487,0.0724862,0.0572463
CFA4,18.8521,18.2861,18.0018,17.8796,18.5422,18.014,17.8027,17.7254,195.346,53.7755,0.0596619,0.0457692,0.0375812,0.0276484,0.0543308,0.0384597,0.0284328,0.022455
CFA4,18.4791,17.9306,17.7582,17.5846,18.2036,17.7833,17.6334,17.615,195.317,53.8794,0.0583459,0.0447597,0.0367523,0.0270385,0.0531324,0.0376114,0.0278056,0.0219596
CFA4,16.6398,16.004,15.7679,15.6036,16.2437,15.7703,15.5998,15.542,195.277,53.8185,0.060505,0.046416,0.0381123,0.0280391,0.0550986,0.0390032,0.0288346,0.0227723
CFA4,15.854,15.2452,15.0574,14.9166,15.4593,15.0261,14.8891,14.8448,195.255,53.749,0.0586806,0.0450164,0.0369631,0.0271936,0.0534372,0.0378272,0.0279652,0.0220856
CFA4,18.4824,17.733,17.5975,17.3685,18.0383,17.5186,17.3638,17.3222,195.234,53.754,0.0585328,0.0449031,0.03687,0.0271251,0.0533026,0.0377319,0.0278947,0.02203
CFA4,19.0979,18.7931,18.7356,18.5382,18.8722,18.6302,18.5195,18.4926,195.192,53.8027,0.0616173,0.0472693,0.0388129,0.0285545,0.0561115,0.0397202,0.0293647,0.0231909
CFA4,16.743,16.2862,16.1661,16.0302,16.5133,16.1746,16.0486,16.0121,195.186,53.7689,0.0595611,0.0456919,0.0375177,0.0276017,0.0542391,0.0383948,0.0283848,0.022417
