survey,D3YR-g,D3YR-r,D3YR-i,D3YR-z,PS1-g,PS1-r,PS1-i,PS1-z,RA,DEC,D3YR-g_AV,D3YR-r_AV,D3YR-i_AV,D3YR-z_AV,PS1-g_AV,PS1-r_AV,PS1-i_AV,PS1-z_AV
D3YR,17.4633,16.7557,16.5379,16.4279,17.4374,16.8223,16.5868,16.4859,41.628,-0.513808,0.108534,0.0722263,0.0528787,0.0402803,0.1074,0.0760262,0.0562052,0.0443884
D3YR,18.0244,17.3229,17.0663,16.9335,17.9672,17.376,17.0924,17.0047,43.3746,0.890221,0.265478,0.176667,0.129343,0.0985267,0.262703,0.185962,0.137479,0.108575
D3YR,18.4338,17.9759,17.8483,17.7929,18.3836,17.988,17.859,17.8152,43.0351,0.0511453,0.220908,0.147008,0.107628,0.0819857,0.218599,0.154742,0.114399,0.0903471
D3YR,16.7928,16.269,16.1288,16.0622,16.752,16.3136,16.1413,16.0914,42.0218,0.361148,0.14352,0.0955085,0.0699241,0.0532647,0.14202,0.100533,0.074323,0.058697
D3YR,18.9438,18.1665,17.9252,17.7977,18.8429,18.233,17.9273,17.8156,41.1161,0.450625,0.101889,0.0678038,0.0496408,0.0378139,0.100823,0.0713709,0.0527637,0.0416704
D3YR,17.4329,16.6811,16.4565,16.3346,17.3887,16.739,16.4753,16.3731,41.9474,0.479819,0.13169,0.0876354,0.0641601,0.0488739,0.130313,0.092246,0.0681963,0.0538584
D3YR,18.3814,17.6488,17.3852,17.2389,18.3416,17.7114,17.4165,17.2838,42.7524,0.476545,0.215751,0.143576,0.105115,0.0800716,0.213495,0.151129,0.111728,0.0882377
D3YR,18.3958,17.9634,17.8553,17.8254,18.3724,18,17.8726,17.8425,40.4974,-0.580347,0.0965797,0.0642709,0.0470543,0.0358436,0.0955701,0.0676522,0.0500144,0.0394992
D3YR,17.921,17.3109,17.142,17.0635,17.8832,17.3664,17.1614,17.0957,40.5126,-0.638151,0.100158,0.066652,0.0487975,0.0371715,0.0991107,0.0701585,0.0518673,0.0409625
D3YR,17.7146,17.1352,16.9506,16.8582,17.6789,17.1771,16.9655,16.8868,41.8818,0.179747,0.138906,0.0924376,0.0676759,0.0515521,0.137454,0.0973008,0.0719333,0.0568097
D3YR,17.8131,17.2925,17.14,17.0728,17.7628,17.3464,17.1579,17.0905,43.2222,0.198462,0.229801,0.152926,0.111961,0.085286,0.227399,0.160971,0.119004,0.093984
D3YR,16.7522,16.3984,16.2974,16.2597,16.72,16.4228,16.2989,16.2727,42.6833,-0.158539,0.19674,0.130925,0.0958533,0.0730163,0.194684,0.137813,0.101883,0.0804629
D3YR,17.4801,16.589,16.3167,16.1609,17.4245,16.6572,16.3522,16.2184,42.6885,-0.189629,0.192054,0.127806,0.09357,0.071277,0.190046,0.13453,0.0994564,0.0785462
D3YR,17.9224,17.2485,17.0179,16.8935,17.8867,17.3085,17.0521,16.9392,41.4015,-0.110023,0.0969016,0.0644851,0.0472111,0.0359631,0.0958886,0.0678776,0.0501811,0.0396308
D3YR,18.2403,18.2927,18.2772,18.3806,18.9489,19.1267,18.3714,19.1481,41.3903,-0.129179,0.0958139,0.0637613,0.0466812,0.0355594,0.0948123,0.0671158,0.0496179,0.039186
D3YR,18.2322,17.9924,18.0255,18.0915,18.3304,18.0631,17.989,18.2597,41.5712,-0.100753,0.0992225,0.0660296,0.0483419,0.0368244,0.0981853,0.0695034,0.051383,0.04058
D3YR,18.5325,17.9076,17.7092,17.604,18.45,17.9405,17.7218,17.6457,43.2092,-0.0625082,0.182334,0.121337,0.0888341,0.0676694,0.180427,0.127721,0.0944226,0.0745708
D3YR,17.8709,17.2344,17.0273,16.9268,17.8203,17.2861,17.0556,16.9594,41.5596,-0.936904,0.0947997,0.0630864,0.0461871,0.035183,0.0938087,0.0664054,0.0490927,0.0387712
D3YR,18.7262,18.2673,18.1367,18.0701,18.6576,18.3107,18.1298,18.087,43.3027,0.869828,0.263905,0.175621,0.128576,0.0979429,0.261146,0.18486,0.136665,0.107932
D3YR,18.8107,18.0725,17.8455,17.7219,18.758,18.1227,17.8733,17.7665,43.1941,0.827389,0.254689,0.169488,0.124086,0.0945227,0.252027,0.178405,0.131892,0.104163
D3YR,18.237,17.5734,17.372,17.2681,18.187,17.6384,17.393,17.31,42.888,0.906741,0.215706,0.143546,0.105093,0.080055,0.213451,0.151098,0.111705,0.0882195
D3YR,18.3659,17.9594,17.8243,17.7808,18.3338,17.9784,17.838,17.805,41.0278,0.480421,0.108011,0.0718778,0.0526235,0.040086,0.106881,0.0756593,0.055934,0.0441742
D3YR,18.672,17.8701,17.6043,17.4612,18.646,17.9362,17.6379,17.5212,42.1425,-1.14631,0.159298,0.106008,0.0776112,0.0591203,0.157633,0.111585,0.0824936,0.0651498
D3YR,17.5328,17.1181,17.0079,16.9703,17.4836,17.1459,17.013,16.9836,41.7361,-1.15942,0.109476,0.072853,0.0533375,0.0406298,0.108332,0.0766858,0.0566929,0.0447735
D3YR,18.7175,18.3126,18.1823,18.207,18.5119,18.3525,18.1907,18.0726,41.588,-0.0311415,0.0986001,0.0656154,0.0480386,0.0365934,0.0975693,0.0690674,0.0510607,0.0403255
D3YR,18.266,17.675,17.4861,17.3938,18.2225,17.7393,17.5149,17.4374,41.599,-0.101175,0.0994205,0.0661613,0.0484383,0.0368979,0.0983812,0.0696421,0.0514856,0.040661
D3YR,17.4842,17.0038,16.882,16.8399,17.4731,17.0414,16.8934,16.8662,40.5268,-1.28407,0.0939111,0.062495,0.0457541,0.0348532,0.0929294,0.0657829,0.0486325,0.0384078
D3YR,18.9287,18.2215,17.9709,17.8436,18.8979,18.2711,18.0001,17.8804,40.5251,-1.24507,0.0966361,0.0643084,0.0470818,0.0358646,0.0956259,0.0676917,0.0500437,0.0395222
D3YR,18.6403,18.175,18.043,17.9877,18.6618,18.2178,18.0479,18.0701,42.86,0.889322,0.213746,0.142241,0.104138,0.0793275,0.211511,0.149725,0.11069,0.0874178
D3YR,18.3796,17.7869,17.6146,17.5203,18.3504,17.8309,17.6337,17.5359,42.8122,-1.70072,0.222164,0.147843,0.10824,0.0824517,0.219841,0.155621,0.115049,0.0908606
D3YR,18.8403,18.0098,17.7461,17.618,18.7794,18.0774,17.771,17.6797,41.0939,0.466746,0.102814,0.0684194,0.0500916,0.0381573,0.101739,0.072019,0.0532428,0.0420488
D3YR,17.5472,17.0274,16.8533,16.7859,17.5045,17.0567,16.8649,16.8088,41.1073,0.453822,0.102123,0.0679597,0.049755,0.0379009,0.101055,0.0715351,0.052885,0.0417662
D3YR,18.0603,17.4705,17.2896,17.2124,18.0145,17.5026,17.3028,17.2468,41.0692,0.449179,0.104086,0.069266,0.0507113,0.0386294,0.102998,0.0729101,0.0539015,0.042569
D3YR,18.6968,17.9732,17.769,17.6677,18.6463,18.0194,17.7858,17.6986,41.0571,0.472623,0.105379,0.0701263,0.0513412,0.0391092,0.104277,0.0738157,0.054571,0.0430977
D3YR,18.8063,18.2605,18.0867,18.0055,18.7754,18.3095,18.084,18.0316,40.5844,0.00917873,0.102496,0.0682082,0.0499369,0.0380394,0.101425,0.0717966,0.0530784,0.0419189
D3YR,17.8875,17.0739,16.796,16.6348,17.8376,17.1544,16.8319,16.6958,40.7262,-0.101,0.105813,0.0704155,0.0515529,0.0392704,0.104707,0.07412,0.054796,0.0432755
D3YR,18.0177,17.1965,16.9514,16.8254,17.9814,17.2831,16.9835,16.884,40.7334,-0.081034,0.10733,0.0714247,0.0522918,0.0398333,0.106208,0.0751824,0.0555815,0.0438957
D3YR,18.4707,18.1238,17.8331,17.7865,18.3432,18.0485,17.7533,17.6991,43.4206,0.18612,0.240027,0.159731,0.116943,0.0890811,0.237517,0.168134,0.124299,0.0981661
D3YR,18.5521,17.9407,17.7467,17.6496,18.5017,17.9898,17.7669,17.686,43.3863,0.284664,0.263029,0.175038,0.128149,0.0976178,0.260279,0.184246,0.136211,0.107573
D3YR,18.5805,18.061,17.9051,17.834,18.5326,18.1039,17.9238,17.8739,43.368,0.279341,0.263799,0.17555,0.128525,0.0979036,0.261041,0.184786,0.13661,0.107888
D3YR,17.3181,16.8177,16.6661,16.5931,17.2789,16.8545,16.6823,16.6104,43.6586,-0.312371,0.219126,0.145822,0.10676,0.0813243,0.216836,0.153494,0.113476,0.0896183
D3YR,17.6183,16.8294,16.5983,16.4772,17.5772,16.8835,16.6302,16.5142,43.6711,-0.329634,0.219572,0.146118,0.106977,0.0814896,0.217276,0.153806,0.113707,0.0898005
D3YR,18.6018,17.7713,17.5197,17.3842,18.4653,17.8557,17.5472,17.4242,41.4814,-1.87454,0.139526,0.0928501,0.0679778,0.0517821,0.138067,0.0977349,0.0722542,0.0570632
D3YR,18.8274,18.2639,18.0714,17.9787,18.8049,18.3083,18.1045,18.0206,41.4581,-1.89968,0.135457,0.0901428,0.0659957,0.0502723,0.134041,0.0948852,0.0701475,0.0553993
D3YR,17.8276,17.0614,16.8411,16.7217,17.7866,17.126,16.8659,16.7635,42.1618,-0.140803,0.141238,0.0939895,0.068812,0.0524176,0.139761,0.0989343,0.0731409,0.0577634
D3YR,17.6116,17.2442,17.1581,17.1369,17.579,17.2659,17.1677,17.1568,41.2487,-1.77202,0.103724,0.0690249,0.0505349,0.0384949,0.102639,0.0726563,0.053714,0.0424209
D3YR,17.517,16.9517,16.7939,16.7217,17.4898,16.9972,16.8214,16.7624,41.4004,-1.0125,0.0964803,0.0642047,0.0470059,0.0358067,0.0954717,0.0675826,0.049963,0.0394585
D3YR,17.4487,16.9054,16.7646,16.7013,17.417,16.9604,16.7778,16.7285,41.4632,-1.0211,0.0947251,0.0630367,0.0461507,0.0351553,0.0937349,0.0663531,0.049054,0.0387407
D3YR,18.3247,17.9768,17.8842,17.8456,18.2822,18.0076,17.8895,17.8638,42.7963,-1.73456,0.222175,0.147851,0.108245,0.0824557,0.219852,0.155629,0.115055,0.090865
D3YR,18.3105,17.968,17.8748,17.8388,18.2762,18.0116,17.8828,17.8327,43.7902,-0.857296,0.20837,0.138664,0.101519,0.0773322,0.206191,0.145959,0.107906,0.085219
D3YR,16.8044,16.3538,16.2318,16.1871,16.7727,16.3922,16.2427,16.2078,42.1303,-0.616381,0.125602,0.0835846,0.0611943,0.0466148,0.124289,0.087982,0.065044,0.0513689
D3YR,17.1074,16.6511,16.5298,16.4727,17.1034,16.6881,16.523,16.4843,43.8239,-0.805518,0.209732,0.13957,0.102183,0.0778378,0.207539,0.146913,0.108611,0.0857761
D3YR,18.6721,18.1273,17.9713,17.9009,18.6273,18.176,17.9924,17.9232,42.733,0.280012,0.219754,0.14624,0.107066,0.0815573,0.217457,0.153933,0.113801,0.089875
D3YR,17.0897,16.6831,16.5728,16.5233,17.0406,16.7205,16.571,16.5374,42.389,-0.0744457,0.172759,0.114966,0.0841696,0.0641162,0.170954,0.121015,0.0894646,0.0706552
D3YR,18.7039,17.9029,17.6031,17.4278,18.6698,17.9725,17.6431,17.4932,43.8667,-0.635043,0.211427,0.140698,0.103009,0.0784668,0.209217,0.1481,0.109489,0.0864693
D3YR,17.0327,16.4008,16.2054,16.1008,16.9827,16.4508,16.2181,16.1349,40.8185,-0.00112835,0.104446,0.0695058,0.0508869,0.0387631,0.103354,0.0731625,0.0540881,0.0427164
D3YR,18.2231,17.5373,17.3086,17.1792,18.1715,17.5991,17.3238,17.2281,40.6444,-0.104133,0.104052,0.0692432,0.0506947,0.0386167,0.102964,0.0728861,0.0538838,0.042555
D3YR,18.1683,17.783,17.6744,17.6318,18.1403,17.8236,17.6929,17.6313,40.6486,-0.115259,0.103504,0.068879,0.050428,0.0384135,0.102422,0.0725027,0.0536004,0.0423312
D3YR,17.7225,17.0561,16.8751,16.7846,17.6798,17.1173,16.8893,16.8165,41.5711,-1.95235,0.136263,0.0906789,0.0663882,0.0505712,0.134838,0.0954495,0.0705647,0.0557288
D3YR,17.8714,17.0601,16.8052,16.6686,17.8202,17.1159,16.8168,16.6982,41.5679,-1.85657,0.149621,0.0995682,0.0728963,0.0555288,0.148057,0.104806,0.0774822,0.0611919
D3YR,18.9448,18.66,18.5933,18.5843,18.9353,18.6722,18.6014,18.6266,41.4158,-1.86868,0.130062,0.0865525,0.0633673,0.04827,0.128703,0.0911061,0.0673536,0.0531929
D3YR,16.8502,16.5191,16.4394,16.4204,16.8285,16.5443,16.4358,16.4345,41.9485,-1.17891,0.128959,0.0858182,0.0628296,0.0478605,0.127611,0.0903331,0.0667822,0.0527416
D3YR,17.0368,16.5771,16.4564,16.4183,17.0089,16.6144,16.4625,16.4396,41.9917,-1.24292,0.133811,0.0890471,0.0651936,0.0496612,0.132412,0.093732,0.0692949,0.054726
D3YR,18.4969,17.6801,17.4067,17.2522,18.4346,17.7457,17.4443,17.3023,43.1819,-0.105439,0.1755,0.11679,0.0855048,0.0651333,0.173665,0.122934,0.0908839,0.071776
D3YR,17.7891,17.1762,16.9916,16.8971,17.7333,17.2272,17.0059,16.931,43.1853,-0.0228346,0.189623,0.126188,0.0923856,0.0703747,0.187641,0.132827,0.0981975,0.077552
D3YR,17.963,17.4365,17.2662,17.1864,17.9152,17.4913,17.2886,17.2108,43.1929,-0.0549806,0.182018,0.121128,0.0886805,0.0675524,0.180115,0.1275,0.0942593,0.0744418
D3YR,18.2144,17.3928,17.1238,16.9741,18.1373,17.4624,17.1606,17.022,43.2095,-0.108517,0.180939,0.120409,0.0881546,0.0671518,0.179047,0.126744,0.0937003,0.0740003
D3YR,17.6606,17.1969,17.0664,17.021,17.6267,17.2431,17.0835,17.0367,41.8554,-0.793275,0.129209,0.0859847,0.0629515,0.0479534,0.127858,0.0905084,0.0669118,0.0528439
D3YR,18.9654,18.3184,18.0892,17.9711,18.9166,18.3651,18.1262,18.0378,42.0742,-1.44338,0.136514,0.0908458,0.0665104,0.0506643,0.135087,0.0956252,0.0706945,0.0558314
D3YR,18.9955,18.6697,18.5933,18.5807,18.9686,18.7031,18.5856,18.5848,42.075,-1.42817,0.136315,0.0907136,0.0664137,0.0505906,0.13489,0.0954861,0.0705917,0.0557502
D3YR,17.4492,16.9844,16.8573,16.8091,17.4993,17.0327,16.8621,16.8352,40.959,0.0478455,0.0905379,0.0602502,0.0441107,0.0336013,0.0895914,0.06342,0.0468857,0.0370282
D3YR,17.8685,17.3959,17.2712,17.2187,17.832,17.4331,17.2755,17.2216,40.9967,0.139933,0.0993813,0.0661352,0.0484192,0.0368834,0.0983424,0.0696146,0.0514653,0.040645
D3YR,17.343,16.9836,16.907,16.8934,17.3066,17.0124,16.9194,16.9051,40.9548,0.0510611,0.0908115,0.0604323,0.044244,0.0337029,0.0898622,0.0636117,0.0470273,0.0371401
D3YR,17.6301,16.8572,16.6192,16.4941,17.5737,16.9134,16.6361,16.5479,41.9796,0.142995,0.144086,0.0958852,0.0701999,0.0534748,0.14258,0.10093,0.0746161,0.0589285
D3YR,17.8651,17.2831,17.1332,17.066,17.8292,17.3276,17.1437,17.1039,41.5207,-1.15029,0.102434,0.0681665,0.0499064,0.0380162,0.101363,0.0717528,0.053046,0.0418933
D3YR,18.0497,17.5026,17.3243,17.2415,18.0089,17.547,17.3455,17.2749,41.9375,-0.588077,0.11064,0.0736278,0.0539048,0.041062,0.109484,0.0775014,0.0572958,0.0452497
D3YR,17.7097,17.2445,17.1106,17.0608,17.6839,17.2821,17.1258,17.0714,42.0462,-0.534495,0.115238,0.0766876,0.0561449,0.0427684,0.114034,0.0807221,0.0596769,0.0471301
D3YR,17.9089,17.2736,17.0401,16.906,17.8874,17.3334,17.0663,16.945,43.89,-0.678015,0.211236,0.140571,0.102916,0.0783961,0.209028,0.147967,0.10939,0.0863915
D3YR,16.9132,16.4186,16.2843,16.2237,16.8949,16.4581,16.2913,16.2379,43.8641,-0.674734,0.211735,0.140904,0.103159,0.0785813,0.209522,0.148316,0.109649,0.0865955
D3YR,17.531,17.0071,16.8568,16.7921,17.4604,17.0455,16.858,16.8067,40.9205,-1.58357,0.092455,0.061526,0.0450447,0.0343128,0.0914885,0.0647629,0.0478784,0.0378123
D3YR,17.7874,17.3327,17.1905,17.1233,17.7593,17.3661,17.2014,17.1516,43.8283,-0.682492,0.211461,0.140721,0.103025,0.0784796,0.209251,0.148124,0.109507,0.0864834
D3YR,17.0699,16.6702,16.563,16.5245,17.0553,16.7103,16.5661,16.5524,40.7566,-0.11505,0.103682,0.0689971,0.0505145,0.0384794,0.102598,0.072627,0.0536923,0.0424038
D3YR,18.9924,18.2108,17.9831,17.8626,18.9175,18.2646,17.9761,17.9015,40.8253,-0.00051132,0.103075,0.0685935,0.050219,0.0382544,0.101998,0.0722023,0.0533783,0.0421558
D3YR,18.5526,18.2787,18.0024,17.9777,18.6286,18.4011,18.1333,17.9186,40.7695,0.00151752,0.108916,0.0724804,0.0530647,0.040422,0.107778,0.0762936,0.0564029,0.0445445
D3YR,18.3567,17.405,17.1071,16.9364,18.2678,17.4948,17.1419,17.0088,43.5085,0.468684,0.288252,0.191823,0.140438,0.106979,0.285239,0.201915,0.149273,0.117889
D3YR,18.9946,18.6619,18.5738,18.5501,18.999,18.6714,18.5904,18.5795,43.0882,-0.132217,0.176972,0.11777,0.0862222,0.0656798,0.175122,0.123966,0.0916464,0.0723782
D3YR,18.5325,18.09,17.9602,17.9047,18.5038,18.142,17.9666,17.9344,43.0352,-0.859123,0.199956,0.133064,0.0974198,0.0742095,0.197865,0.140065,0.103548,0.0817779
D3YR,18.5916,18.137,18.0039,17.9521,18.5703,18.1667,18.0271,17.9874,40.8015,-1.97472,0.0944528,0.0628555,0.046018,0.0350542,0.0934654,0.0661623,0.048913,0.0386293
D3YR,18.3752,17.4721,17.1809,17.0151,18.3295,17.5483,17.227,17.0752,43.0993,0.806735,0.241799,0.16091,0.117806,0.0897388,0.239271,0.169375,0.125217,0.0988909
D3YR,17.8746,17.269,17.0808,16.9807,17.8277,17.3133,17.0889,17.0086,40.8778,0.168444,0.0959132,0.0638274,0.0467296,0.0355963,0.0949106,0.0671853,0.0496693,0.0392266
D3YR,18.0001,17.6161,17.4993,17.4677,17.9935,17.6632,17.4998,17.4951,40.8562,0.083263,0.09609,0.063945,0.0468157,0.0356619,0.0950855,0.0673091,0.0497608,0.0392989
D3YR,18.4904,17.914,17.7401,17.6542,18.4652,17.9473,17.7435,17.6859,40.8556,0.14585,0.0953893,0.0634787,0.0464743,0.0354018,0.0943921,0.0668183,0.049398,0.0390123
D3YR,17.2438,16.752,16.6265,16.5732,17.2229,16.7866,16.6242,16.6044,40.9027,0.158991,0.096314,0.0640941,0.0469249,0.035745,0.0953072,0.0674661,0.0498769,0.0393905
D3YR,17.1465,16.5594,16.3951,16.3227,17.1051,16.6131,16.4114,16.3532,43.5275,-0.888765,0.198158,0.131868,0.0965441,0.0735425,0.196087,0.138806,0.102618,0.0810428
D3YR,18.7566,18.1197,17.9115,17.8063,18.713,18.1698,17.9306,17.827,43.4998,-0.917242,0.193238,0.128594,0.0941469,0.0717164,0.191218,0.135359,0.10007,0.0790305
D3YR,18.6792,18.2374,18.1,18.05,18.6213,18.2706,18.1249,18.0578,43.451,-0.90829,0.190312,0.126647,0.0927212,0.0706304,0.188322,0.13331,0.0985542,0.0778337
D3YR,17.9766,17.6728,17.5833,17.5634,17.9488,17.7029,17.5917,17.5812,43.3652,-0.828868,0.194582,0.129488,0.0948016,0.0722151,0.192548,0.136301,0.100765,0.07958
D3YR,17.1938,16.4388,16.2087,16.0932,17.1404,16.4979,16.2323,16.132,42.1993,-0.609081,0.137557,0.0915402,0.0670188,0.0510516,0.136119,0.0963561,0.0712349,0.0562581
D3YR,17.4202,17.0074,16.8974,16.8712,17.3745,17.0417,16.915,16.8795,43.3788,-0.82581,0.195805,0.130302,0.0953975,0.072669,0.193758,0.137157,0.101399,0.0800803
D3YR,18.7594,18.4347,18.3382,18.3024,18.7537,18.4592,18.3244,18.3397,42.599,0.20602,0.213158,0.14185,0.103852,0.0791092,0.210929,0.149313,0.110385,0.0871773
D3YR,18.8314,18.3815,18.2664,18.2275,18.811,18.4169,18.263,18.2381,41.8657,-0.613383,0.11802,0.0785386,0.0575,0.0438007,0.116786,0.0826705,0.0611173,0.0482677
D3YR,18.145,17.584,17.3768,17.2669,18.1005,17.6292,17.4053,17.3044,43.4876,0.420198,0.280084,0.186387,0.136459,0.103947,0.277156,0.196193,0.145043,0.114549
D3YR,18.345,17.7678,17.5793,17.4915,18.3041,17.8073,17.6059,17.52,42.0113,-1.2661,0.135396,0.0901021,0.065966,0.0502496,0.133981,0.0948424,0.0701159,0.0553744
D3YR,18.1704,17.77,17.6654,17.6318,18.1346,17.7876,17.6673,17.6552,41.4983,-1.92686,0.136938,0.091128,0.066717,0.0508217,0.135506,0.0959222,0.0709141,0.0560048
D3YR,18.6964,18.4086,18.3427,18.3377,18.6716,18.4312,18.3358,18.3448,40.3253,0.957309,0.124653,0.0829527,0.0607317,0.0462624,0.12335,0.0873169,0.0645523,0.0509805
D3YR,18.2773,17.674,17.4666,17.3648,18.2212,17.7095,17.4985,17.3992,40.6035,-1.95609,0.0933611,0.062129,0.0454862,0.0346491,0.0923852,0.0653976,0.0483477,0.0381828
D3YR,17.4571,17.1825,17.1146,17.1093,17.4171,17.1915,17.1092,17.1173,40.6444,-1.94996,0.0958938,0.0638144,0.0467201,0.0355891,0.0948914,0.0671717,0.0496592,0.0392187
D3YR,16.9611,16.5157,16.3958,16.3622,16.9248,16.5381,16.4035,16.3831,40.6441,-1.96948,0.0970955,0.0646142,0.0473056,0.0360351,0.0960805,0.0680135,0.0502816,0.0397101
D3YR,18.0996,17.4069,17.1935,17.0844,18.0673,17.4551,17.2235,17.1256,40.5574,-1.95372,0.0912058,0.0606947,0.0444361,0.0338492,0.0902523,0.0638878,0.0472315,0.0373013
D3YR,17.561,17.1828,17.0951,17.0756,17.5101,17.2112,17.0907,17.0872,40.5972,-0.43319,0.085253,0.0567333,0.0415359,0.0316399,0.0843618,0.0597181,0.0441488,0.0348668
D3YR,17.7329,17.2349,17.1073,17.0643,17.6861,17.2727,17.118,17.0758,40.7107,-0.434758,0.0863321,0.0574514,0.0420616,0.0320404,0.0854296,0.0604739,0.0447076,0.0353081
D3YR,18.4307,17.8475,17.6722,17.5722,18.407,17.8942,17.6706,17.6121,40.7667,0.16787,0.0998474,0.0664454,0.0486463,0.0370564,0.0988036,0.0699411,0.0517066,0.0408356
D3YR,17.29,17.0269,16.9687,16.9512,17.2655,17.043,16.9617,16.958,40.7958,-1.68482,0.0965294,0.0642374,0.0470298,0.035825,0.0955203,0.067617,0.0499884,0.0394786
D3YR,18.3632,17.6913,17.4749,17.357,18.3085,17.7462,17.5023,17.3844,43.204,0.120027,0.222025,0.147751,0.108172,0.0824001,0.219704,0.155524,0.114977,0.0908037
D3YR,18.2425,17.7127,17.5677,17.5036,18.2235,17.7547,17.5835,17.543,43.2455,0.13837,0.224574,0.149447,0.109414,0.0833463,0.222227,0.15731,0.116297,0.0918464
D3YR,18.1294,17.5484,17.3826,17.3076,18.0584,17.6267,17.4083,17.3409,40.4801,-0.632378,0.0978949,0.0651461,0.0476951,0.0363317,0.0968716,0.0685735,0.0506955,0.0400371
D3YR,18.1728,17.5857,17.4256,17.3551,18.1268,17.6279,17.4314,17.3688,40.895,-1.80903,0.0889782,0.0592123,0.0433508,0.0330225,0.0880481,0.0623275,0.046078,0.0363903
D3YR,18.5033,17.9332,17.7359,17.6363,18.474,17.9743,17.757,17.6697,43.6287,0.416823,0.262418,0.174631,0.127852,0.0973911,0.259675,0.183819,0.135895,0.107324
D3YR,17.2347,16.7553,16.6298,16.573,17.2184,16.7938,16.6402,16.5933,40.6942,-1.21394,0.103052,0.0685782,0.0502078,0.0382458,0.101975,0.0721862,0.0533663,0.0421464
D3YR,17.0262,16.3851,16.2054,16.1138,16.975,16.4351,16.2267,16.149,43.4071,0.57777,0.270711,0.18015,0.131892,0.100469,0.267881,0.189628,0.14019,0.110715
D3YR,17.094,16.6105,16.4796,16.4326,17.0613,16.6518,16.4871,16.4498,40.8466,-0.421619,0.0960718,0.0639329,0.0468069,0.0356551,0.0950675,0.0672964,0.0497514,0.0392915
D3YR,18.7905,18.236,18.0526,17.9599,18.7383,18.2832,18.0684,17.9971,40.9368,-0.48117,0.108506,0.0722072,0.0528646,0.0402697,0.107371,0.076006,0.0561903,0.0443766
D3YR,17.6934,17.1669,16.9901,16.8977,17.6744,17.2122,17.012,16.9332,43.0919,-0.880029,0.205027,0.13644,0.0998908,0.0760918,0.202884,0.143618,0.106175,0.0838521
D3YR,18.4238,18.1351,18.0711,18.0611,18.386,18.1353,18.058,18.0527,41.4208,-1.60069,0.120786,0.0803795,0.0588478,0.0448273,0.119523,0.0846083,0.0625499,0.0493991
D3YR,17.5241,16.9202,16.7156,16.6085,17.4652,16.9717,16.7354,16.6465,42.279,-0.785133,0.158698,0.105609,0.0773187,0.0588975,0.157039,0.111165,0.0821828,0.0649043
D3YR,17.362,16.8189,16.6638,16.5946,17.3098,16.8623,16.6791,16.6268,42.267,-0.718658,0.155928,0.103765,0.0759692,0.0578696,0.154298,0.109225,0.0807484,0.0637715
D3YR,17.6646,17.0859,16.9223,16.8492,17.6355,17.1341,16.9367,16.8903,41.0698,-1.78225,0.0943513,0.0627879,0.0459686,0.0350166,0.093365,0.0660912,0.0488604,0.0385878
D3YR,17.8238,17.4236,17.3202,17.2916,17.8057,17.4548,17.3319,17.3087,40.7049,-0.348183,0.0851649,0.0566747,0.0414929,0.0316072,0.0842746,0.0596564,0.0441032,0.0348307
D3YR,18.583,18.1227,18.0092,17.9747,18.5579,18.1579,18.0102,17.9886,40.6691,-0.390894,0.0850112,0.0565724,0.041418,0.0315502,0.0841225,0.0595487,0.0440236,0.0347679
D3YR,18.0875,17.5449,17.3552,17.2648,18.0476,17.5876,17.3725,17.3016,43.6865,0.197827,0.239825,0.159597,0.116845,0.0890064,0.237318,0.167993,0.124195,0.0980838
D3YR,18.2937,17.4442,17.1851,17.0455,18.2481,17.5187,17.2166,17.0936,41.8373,-0.732637,0.129343,0.0860741,0.063017,0.0480032,0.127991,0.0906025,0.0669813,0.0528988
D3YR,18.0158,17.4313,17.2203,17.1167,17.9825,17.4889,17.2487,17.1591,40.5805,-0.412889,0.0850641,0.0566076,0.0414438,0.0315698,0.0841749,0.0595857,0.044051,0.0347895
D3YR,18.9487,18.4263,18.2581,18.1706,18.9181,18.4663,18.278,18.2118,42.1844,0.463417,0.164639,0.109562,0.0802131,0.0611023,0.162918,0.115326,0.0852592,0.0673339
D3YR,17.4797,17.0146,16.897,16.8543,17.4389,17.0413,16.8919,16.8796,42.0107,-1.34496,0.132889,0.0884333,0.0647442,0.0493189,0.131499,0.0930858,0.0688172,0.0543488
D3YR,18.5631,17.7922,17.5188,17.3736,18.4977,17.8552,17.5383,17.4192,42.0435,-1.39279,0.135001,0.089839,0.0657734,0.0501029,0.13359,0.0945655,0.0699111,0.0552127
D3YR,17.6214,17.0895,16.9412,16.874,17.606,17.1204,16.9598,16.906,43.3449,-0.136185,0.232218,0.154534,0.113138,0.086183,0.22979,0.162664,0.120256,0.0949725
D3YR,18.2565,17.7321,17.5866,17.5218,18.1872,17.7576,17.5923,17.5178,42.4136,0.114038,0.171478,0.114114,0.0835453,0.0636407,0.169686,0.120117,0.0888011,0.0701311
D3YR,17.6946,16.9645,16.7162,16.577,17.6187,17.0333,16.7408,16.6341,42.3908,0.151492,0.168622,0.112213,0.0821536,0.0625805,0.166859,0.118116,0.0873218,0.0689628
D3YR,17.299,16.4936,16.2734,16.1449,17.2416,16.5603,16.3016,16.1851,42.2588,0.219701,0.153622,0.102231,0.0748459,0.0570139,0.152016,0.107609,0.0795544,0.0628285
D3YR,17.3672,16.9421,16.819,16.7792,17.3218,16.972,16.826,16.7999,42.322,0.175149,0.162803,0.10834,0.0793186,0.0604209,0.161101,0.11404,0.0843084,0.066583
D3YR,17.9666,17.4988,17.3665,17.3135,17.9317,17.5364,17.3755,17.3321,43.6584,0.455969,0.273468,0.181985,0.133236,0.101492,0.27061,0.191559,0.141617,0.111843
D3YR,17.1075,16.7146,16.6318,16.6181,17.0699,16.7405,16.6297,16.622,40.4972,-0.760621,0.103626,0.0689598,0.0504872,0.0384586,0.102542,0.0725878,0.0536633,0.0423809
D3YR,17.0169,16.3556,16.1434,16.0268,16.9824,16.4182,16.1632,16.0674,40.4919,-0.720992,0.10143,0.0674988,0.0494176,0.0376438,0.10037,0.07105,0.0525264,0.041483
D3YR,17.8254,16.9808,16.6689,16.5011,17.7742,17.0539,16.7251,16.5689,41.6217,-0.580901,0.111684,0.0743222,0.0544132,0.0414492,0.110516,0.0782324,0.0578362,0.0456765
D3YR,17.9844,17.189,16.961,16.8469,17.9397,17.2555,17.0008,16.8919,41.6027,-0.650845,0.108693,0.0723321,0.0529561,0.0403393,0.107557,0.0761375,0.0562875,0.0444534
D3YR,16.9609,16.4017,16.2399,16.1649,16.931,16.4531,16.2622,16.1981,41.6008,-0.63094,0.110378,0.0734532,0.0537769,0.0409646,0.109224,0.0773176,0.05716,0.0451424
D3YR,18.1886,17.6073,17.4417,17.3675,18.1485,17.6391,17.4518,17.3952,41.117,-1.57885,0.0935151,0.0622315,0.0455612,0.0347063,0.0925375,0.0655055,0.0484274,0.0382458
D3YR,18.6071,18.2986,18.2162,18.1962,18.5864,18.3133,18.2106,18.2032,41.962,-1.41757,0.128288,0.0853721,0.062503,0.0476117,0.126947,0.0898635,0.066435,0.0524674
D3YR,18.152,17.7274,17.6188,17.5835,18.1343,17.7582,17.6221,17.6114,41.9623,-1.45537,0.127688,0.0849723,0.0622103,0.0473887,0.126353,0.0894428,0.0661239,0.0522217
D3YR,18.2001,17.5832,17.3954,17.3025,18.1646,17.6351,17.4153,17.3346,43.6887,-0.275012,0.226415,0.150672,0.110311,0.0840294,0.224048,0.158599,0.117251,0.0925993
D3YR,18.5909,18.0924,17.9496,17.8881,18.4973,18.1209,17.9758,17.9256,42.3064,-0.34513,0.167683,0.111588,0.0816961,0.062232,0.16593,0.117458,0.0868356,0.0685788
D3YR,17.7456,17.1768,17.0052,16.9185,17.7216,17.2315,17.021,16.9506,43.734,-0.305548,0.231172,0.153838,0.112628,0.0857948,0.228755,0.161931,0.119714,0.0945446
D3YR,17.3528,16.5018,16.2506,16.1203,17.306,16.5627,16.2758,16.1691,40.827,-0.700055,0.0976599,0.0649897,0.0475806,0.0362445,0.096639,0.0684088,0.0505738,0.0399409
D3YR,18.0478,17.4335,17.2307,17.1255,18.0098,17.4875,17.2546,17.162,42.7685,-0.540403,0.172112,0.114535,0.0838542,0.0638759,0.170313,0.120561,0.0891293,0.0703904
D3YR,18.2842,17.4992,17.2398,17.0979,18.2264,17.5648,17.2738,17.1393,42.7962,-0.529842,0.167095,0.111197,0.0814097,0.0620139,0.165348,0.117047,0.0865311,0.0683384
D3YR,17.1973,16.7597,16.6317,16.5842,17.1668,16.7917,16.6448,16.6068,42.6819,0.299779,0.221812,0.147609,0.108068,0.0823209,0.219493,0.155375,0.114867,0.0907165
D3YR,18.4635,17.8385,17.6486,17.5481,18.4305,17.8866,17.6715,17.5855,41.4002,-1.83039,0.127383,0.0847696,0.0620619,0.0472757,0.126051,0.0892294,0.0659662,0.0520971
D3YR,17.1654,16.7883,16.6775,16.6367,17.1379,16.8169,16.6986,16.6588,41.3966,-1.94127,0.127369,0.0847605,0.0620553,0.0472706,0.126038,0.0892198,0.0659591,0.0520916
D3YR,17.8817,17.3532,17.1737,17.0906,17.858,17.395,17.1903,17.1294,41.6421,-1.90093,0.144388,0.0960862,0.0703471,0.0535869,0.142879,0.101141,0.0747725,0.059052
D3YR,18.9133,18.2988,18.1073,18.0087,18.8915,18.338,18.1238,18.0629,43.0777,0.568488,0.285698,0.190123,0.139194,0.106031,0.282711,0.200126,0.14795,0.116845
D3YR,18.8368,18.4237,18.308,18.2642,18.8072,18.4199,18.2929,18.3044,43.0714,0.547523,0.28907,0.192368,0.140837,0.107283,0.286048,0.202488,0.149697,0.118224
D3YR,17.1439,16.7358,16.6245,16.5847,17.1134,16.7686,16.6267,16.6047,40.4196,-0.659583,0.0971398,0.0646436,0.0473272,0.0360515,0.0961243,0.0680445,0.0503045,0.0397282
D3YR,16.8909,16.4399,16.3284,16.2934,16.8676,16.4678,16.3356,16.3081,40.4248,-0.663869,0.097085,0.0646072,0.0473005,0.0360312,0.0960701,0.0680062,0.0502761,0.0397058
D3YR,18.5541,18.1558,18.0387,18.0091,18.5211,18.1738,18.042,17.9925,40.8788,-0.654663,0.101109,0.0672851,0.0492611,0.0375247,0.100052,0.070825,0.0523601,0.0413517
D3YR,18.6499,18.1629,18.0307,17.9738,18.6617,18.1843,18.0318,17.9898,40.1687,0.965832,0.12485,0.0830836,0.0608276,0.0463354,0.123544,0.0874546,0.0646542,0.051061
D3YR,18.7497,18.1696,17.9781,17.8758,18.6626,18.2062,18.0093,17.9167,43.1863,-0.282417,0.185993,0.123773,0.0906173,0.0690277,0.184049,0.130285,0.0963179,0.0760676
D3YR,18.0027,17.4131,17.2332,17.1658,17.9428,17.4485,17.2553,17.1875,40.8448,-1.79793,0.0902318,0.0600466,0.0439616,0.0334877,0.0892886,0.0632056,0.0467271,0.036903
D3YR,17.1368,16.832,16.7591,16.7324,17.1158,16.8578,16.7613,16.7482,41.4137,-0.864881,0.0879513,0.058529,0.0428505,0.0326414,0.0870319,0.0616082,0.0455462,0.0359703
D3YR,18.4868,17.8064,17.6245,17.5329,18.4562,17.8614,17.6435,17.5651,41.6956,-1.12417,0.107076,0.0712555,0.0521679,0.0397389,0.105956,0.0750043,0.0554498,0.0437917
D3YR,17.913,17.1881,16.9365,16.802,17.8841,17.2565,16.9575,16.8455,41.6767,-1.12413,0.106341,0.0707667,0.05181,0.0394663,0.105229,0.0744898,0.0550694,0.0434913
D3YR,18.0546,17.6082,17.4601,17.4003,18.02,17.655,17.4737,17.428,43.4692,0.29931,0.25511,0.169768,0.124291,0.0946788,0.252443,0.178699,0.13211,0.104335
D3YR,17.746,17.2299,17.0962,17.0452,17.7131,17.2678,17.112,17.0585,40.6861,-0.813562,0.102546,0.0682413,0.0499611,0.0380579,0.101474,0.0718315,0.0531041,0.0419393
D3YR,17.6532,17.2679,17.1701,17.141,17.6274,17.3018,17.1829,17.1523,40.6677,-0.823997,0.103201,0.0686771,0.0502802,0.0383009,0.102122,0.0722902,0.0534433,0.0422071
D3YR,18.5403,18.0227,17.846,17.7555,18.4932,18.07,17.8651,17.8057,42.5791,0.462794,0.185534,0.123467,0.0903932,0.068857,0.183594,0.129963,0.0960798,0.0758795
D3YR,17.41,17.0404,16.9246,16.8849,17.3733,17.0663,16.9258,16.902,40.7318,-0.866608,0.100563,0.0669217,0.048995,0.037322,0.0995118,0.0704424,0.0520772,0.0411283
D3YR,18.875,18.2937,18.0893,17.9894,18.8543,18.3211,18.1126,17.9861,41.3898,-0.549446,0.103208,0.0686815,0.0502834,0.0383034,0.102129,0.0722949,0.0534467,0.0422098
D3YR,18.8744,18.3845,18.2313,18.163,18.8275,18.4119,18.1468,18.0779,40.3786,-0.637862,0.0985107,0.0655559,0.0479951,0.0365603,0.0974809,0.0690048,0.0510144,0.0402889
D3YR,18.4007,17.9146,17.783,17.7339,18.3655,17.9605,17.7942,17.7632,40.3238,-0.587804,0.0973896,0.0648098,0.0474489,0.0361442,0.0963715,0.0682195,0.0504339,0.0398304
D3YR,18.3663,17.8238,17.6632,17.5922,18.3343,17.8838,17.6807,17.6254,40.3104,-0.591749,0.0968697,0.0644639,0.0471956,0.0359512,0.095857,0.0678553,0.0501646,0.0396178
D3YR,18.6345,18.1436,18.0071,17.946,18.5798,18.1898,18.0208,17.9714,43.6189,-0.428846,0.209207,0.139221,0.101927,0.077643,0.20702,0.146545,0.108339,0.0855615
D3YR,16.908,16.4338,16.3062,16.2612,16.8721,16.4744,16.3195,16.2847,41.2634,-0.418973,0.0936247,0.0623044,0.0456146,0.0347469,0.092646,0.0655823,0.0484842,0.0382906
D3YR,17.1457,16.5856,16.435,16.3735,17.1082,16.6373,16.4561,16.3985,41.2521,-0.400419,0.0937854,0.0624114,0.0456929,0.0348066,0.092805,0.0656948,0.0485674,0.0383564
D3YR,17.0983,16.4151,16.2119,16.1129,17.2614,16.4641,16.2334,16.1441,41.2521,-0.397072,0.0938469,0.0624523,0.0457229,0.0348294,0.0928659,0.0657379,0.0485992,0.0383815
D3YR,17.3337,16.956,16.8619,16.839,17.3234,16.9777,16.8662,16.8277,40.147,0.941149,0.121618,0.080933,0.0592531,0.045136,0.120347,0.085191,0.0629806,0.0497393
D3YR,17.6864,17.1766,17.0064,16.9238,17.6639,17.2183,17.0201,16.9526,43.1101,-0.870538,0.206142,0.137181,0.100434,0.0765053,0.203987,0.144398,0.106752,0.0843078
D3YR,18.4321,17.9278,17.7841,17.7171,18.3771,17.9483,17.7922,17.7246,43.2658,-0.240662,0.213519,0.142091,0.104028,0.0792433,0.211287,0.149566,0.110572,0.0873251
D3YR,18.1398,17.6744,17.5449,17.4889,18.1092,17.7152,17.5637,17.5184,43.2642,-0.205697,0.216385,0.143998,0.105424,0.0803071,0.214123,0.151574,0.112057,0.0884973
D3YR,17.9961,17.454,17.2825,17.2042,17.9591,17.4897,17.3046,17.2444,41.7445,-0.340797,0.101458,0.0675174,0.0494311,0.0376542,0.100398,0.0710695,0.0525408,0.0414944
D3YR,18.3027,17.7323,17.5697,17.4894,18.2583,17.7711,17.5809,17.5178,42.2505,-0.309075,0.1654,0.110069,0.080584,0.0613849,0.163671,0.115859,0.0856535,0.0676453
D3YR,18.2398,17.5442,17.3075,17.1763,18.1982,17.6047,17.3316,17.2234,43.5941,0.302096,0.242621,0.161457,0.118207,0.0900439,0.240085,0.169951,0.125643,0.0992272
D3YR,17.3985,16.9417,16.8045,16.7441,17.3686,16.9767,16.8138,16.7719,43.0544,-0.388761,0.17102,0.113808,0.083322,0.0634705,0.169232,0.119796,0.0885637,0.0699437
D3YR,17.4595,16.9984,16.8624,16.8112,17.4299,17.0403,16.883,16.8424,40.6211,-0.887434,0.105413,0.0701495,0.0513582,0.0391221,0.104311,0.0738401,0.0545891,0.043112
D3YR,18.7038,18.1687,18.0156,17.9538,18.6541,18.2035,18.0235,18.0292,40.6716,-1.52547,0.0973036,0.0647526,0.047407,0.0361123,0.0962864,0.0681592,0.0503893,0.0397952
D3YR,17.8886,17.3889,17.2386,17.1774,17.8714,17.4221,17.2496,17.196,40.6706,-1.56488,0.0954032,0.063488,0.0464811,0.035407,0.0944059,0.0668281,0.0494052,0.039018
D3YR,18.5834,18.003,17.8233,17.742,18.5633,18.0404,17.8368,17.7629,40.6828,-1.56393,0.0955502,0.0635858,0.0465527,0.0354615,0.0945513,0.066931,0.0494813,0.0390781
D3YR,18.1847,17.6574,17.4865,17.4131,18.162,17.6979,17.5077,17.4357,40.6729,-1.6147,0.0950547,0.0632561,0.0463113,0.0352777,0.0940611,0.066584,0.0492247,0.0388755
D3YR,18.3465,17.8842,17.7669,17.7216,18.3052,17.9418,17.7849,17.7375,41.6024,-1.05199,0.102133,0.0679666,0.0497601,0.0379047,0.101066,0.0715424,0.0528904,0.0417705
D3YR,17.7568,17.2821,17.1482,17.0913,17.7185,17.3151,17.1605,17.1049,42.928,-0.54403,0.169325,0.112681,0.0824964,0.0628417,0.167555,0.118609,0.0876862,0.0692507
D3YR,18.3007,17.7501,17.5584,17.4598,18.2742,17.7978,17.5882,17.4877,43.8145,-0.649965,0.209865,0.139659,0.102248,0.0778872,0.207671,0.147006,0.10868,0.0858307
D3YR,18.2201,17.6467,17.4745,17.3885,18.1903,17.6896,17.4888,17.4253,42.7714,-0.594406,0.1735,0.115459,0.0845303,0.064391,0.171686,0.121533,0.0898481,0.070958
D3YR,18.5977,17.7932,17.5475,17.4049,18.5446,17.8544,17.5645,17.4483,43.8449,0.716484,0.295209,0.196453,0.143828,0.109561,0.292123,0.206788,0.152876,0.120735
D3YR,18.8909,18.0054,17.6739,17.4853,18.8383,18.0786,17.7083,17.5452,43.8548,0.705181,0.29885,0.198876,0.145602,0.110912,0.295726,0.209339,0.154762,0.122224
D3YR,18.3081,17.5878,17.356,17.2257,18.2784,17.6358,17.3694,17.2875,43.8018,0.687596,0.30649,0.20396,0.149324,0.113748,0.303286,0.21469,0.158718,0.125348
D3YR,18.6558,17.7386,17.4387,17.2676,18.6033,17.8048,17.4707,17.3144,43.715,0.682228,0.289392,0.192582,0.140994,0.107402,0.286367,0.202713,0.149864,0.118356
D3YR,18.786,18.1239,17.9166,17.8008,18.7369,18.1648,17.9265,17.8418,43.7204,0.702549,0.285548,0.190024,0.139121,0.105976,0.282563,0.200021,0.147873,0.116784
D3YR,18.229,17.6278,17.4246,17.3076,18.2043,17.6797,17.4435,17.3535,43.7387,0.665631,0.301821,0.200853,0.147049,0.112015,0.298666,0.21142,0.1563,0.123439
D3YR,18.4652,17.8108,17.6017,17.4903,18.4194,17.8605,17.6217,17.5461,43.221,-0.871407,0.201422,0.134041,0.0981344,0.0747539,0.199317,0.141093,0.104308,0.0823778
D3YR,18.3165,17.5487,17.299,17.1724,18.2582,17.6034,17.3301,17.2244,40.4277,-1.34886,0.0972472,0.0647151,0.0473795,0.0360914,0.0962306,0.0681198,0.0503601,0.0397722
D3YR,17.3231,16.7789,16.6253,16.5622,17.2748,16.8254,16.6466,16.5986,41.4634,-0.564984,0.109627,0.0729532,0.0534108,0.0406857,0.108481,0.0767913,0.0567709,0.0448351
D3YR,18.6692,17.8144,17.5496,17.4021,18.6579,17.8854,17.5805,17.441,43.2735,-0.260899,0.213724,0.142227,0.104128,0.0793195,0.21149,0.14971,0.110679,0.087409
D3YR,17.8362,17.1443,16.91,16.7777,17.7862,17.1889,16.9159,16.8226,42.8571,0.290599,0.239942,0.159674,0.116901,0.0890497,0.237434,0.168075,0.124256,0.0981316
D3YR,18.718,18.0983,17.9215,17.8311,18.6864,18.1574,17.947,17.8653,41.6811,0.339597,0.108907,0.0724744,0.0530603,0.0404187,0.107769,0.0762873,0.0563983,0.0445408
D3YR,17.7103,17.3182,17.2052,17.1651,17.6878,17.3488,17.2204,17.1784,41.6539,0.441989,0.107636,0.0716288,0.0524412,0.0399471,0.106511,0.0753972,0.0557403,0.0440212
D3YR,17.9475,17.1839,16.9332,16.8031,17.8724,17.2468,16.9723,16.8601,41.6909,0.377814,0.109323,0.0727508,0.0532627,0.0405729,0.10818,0.0765783,0.0566134,0.0447107
D3YR,18.3902,17.7987,17.635,17.5687,18.3758,17.836,17.6636,17.5885,41.6487,0.403443,0.106902,0.07114,0.0520834,0.0396745,0.105784,0.0748827,0.0553599,0.0437208
D3YR,18.1779,17.3662,17.1213,16.9939,18.1095,17.4161,17.1462,17.0316,41.6867,0.359232,0.108982,0.0725245,0.053097,0.0404466,0.107843,0.07634,0.0564373,0.0445716
D3YR,17.7601,17.161,16.9885,16.9025,17.7064,17.2172,17.0071,16.9343,42.3863,-0.2378,0.170497,0.113461,0.0830674,0.0632766,0.168715,0.11943,0.0882931,0.0697299
D3YR,18.4416,18.1228,18.0488,18.0172,18.3965,18.1677,18.0531,18.0421,40.7399,-1.1027,0.0989827,0.06587,0.0482251,0.0367354,0.097948,0.0693354,0.0512588,0.0404819
D3YR,18.7486,18.2854,18.1546,18.0922,18.7104,18.3265,18.1521,18.0994,42.8825,-1.64163,0.220911,0.147009,0.107629,0.0819865,0.218601,0.154744,0.1144,0.090348
D3YR,18.4011,17.8528,17.7003,17.6323,18.3584,17.9048,17.7199,17.6499,42.8989,-1.73439,0.217415,0.144683,0.105926,0.0806891,0.215142,0.152295,0.11259,0.0889182
D3YR,18.6655,17.9558,17.7257,17.5937,18.6034,18.0096,17.7467,17.6362,42.8996,-1.73746,0.217375,0.144656,0.105907,0.0806744,0.215103,0.152267,0.112569,0.088902
D3YR,18.0044,17.2828,17.0455,16.9066,17.9474,17.3311,17.067,16.9588,42.8391,-1.66045,0.222705,0.148203,0.108503,0.0826524,0.220377,0.156,0.115329,0.0910818
D3YR,18.4466,17.824,17.6118,17.5002,18.3856,17.8777,17.6362,17.533,43.7735,0.143749,0.231982,0.154377,0.113023,0.0860954,0.229557,0.162499,0.120133,0.094876
D3YR,17.3344,16.8656,16.7483,16.7008,17.301,16.8966,16.7501,16.716,40.7981,-1.60468,0.0930834,0.0619442,0.0453509,0.034546,0.0921103,0.0652031,0.0482038,0.0380692
D3YR,16.8451,16.3248,16.1754,16.1043,16.8264,16.3666,16.186,16.1256,43.6636,0.665536,0.285012,0.189667,0.13886,0.105777,0.282033,0.199646,0.147596,0.116564
D3YR,16.9072,16.5091,16.4135,16.3787,16.8674,16.5386,16.4177,16.3904,43.6532,0.737758,0.276604,0.184072,0.134763,0.102656,0.273713,0.193756,0.143241,0.113126
D3YR,18.3406,17.556,17.2972,17.151,18.272,17.6232,17.3275,17.1919,43.6398,0.746721,0.277403,0.184603,0.135153,0.102953,0.274503,0.194315,0.143655,0.113452
D3YR,18.1895,17.6522,17.4644,17.3597,18.1589,17.6967,17.4819,17.38,43.871,0.617656,0.305353,0.203203,0.14877,0.113326,0.302161,0.213894,0.158129,0.124883
D3YR,18.9863,18.6288,18.5263,18.4976,18.9408,18.6304,18.5285,18.484,42.3656,-0.921198,0.178363,0.118695,0.0868995,0.0661957,0.176498,0.124939,0.0923662,0.0729467
D3YR,18.0963,17.7274,17.6257,17.5905,18.0714,17.7508,17.6318,17.6161,43.2366,0.586058,0.271401,0.180609,0.132228,0.100725,0.268564,0.190111,0.140547,0.110997
D3YR,18.6861,17.9113,17.6428,17.4915,18.6154,17.99,17.6694,17.557,43.2423,0.592564,0.270695,0.180139,0.131884,0.100463,0.267865,0.189617,0.140181,0.110709
D3YR,18.3218,17.7024,17.4896,17.3767,18.2808,17.753,17.5145,17.4149,43.2371,0.56546,0.272466,0.181318,0.132747,0.10112,0.269618,0.190857,0.141098,0.111433
D3YR,17.7536,17.3195,17.202,17.1593,17.7113,17.3397,17.2042,17.1785,40.2798,-1.40898,0.0919279,0.0611752,0.0447879,0.0341172,0.0909669,0.0643937,0.0476055,0.0375967
D3YR,18.4873,17.982,17.827,17.7597,18.458,18.0206,17.8384,17.7735,40.3108,-1.43395,0.0939149,0.0624976,0.045756,0.0348546,0.0929332,0.0657856,0.0486345,0.0384093
D3YR,18.2031,17.5334,17.3263,17.2229,18.1984,17.5685,17.3414,17.2735,40.3855,-1.39296,0.0960608,0.0639256,0.0468015,0.035651,0.0950566,0.0672887,0.0497457,0.039287
D3YR,18.34,17.7915,17.6157,17.5482,18.3051,17.8529,17.6596,17.5932,41.4711,-0.72945,0.0975174,0.0648949,0.0475112,0.0361916,0.096498,0.068309,0.0505,0.0398827
D3YR,17.476,16.941,16.7651,16.6877,17.4284,16.9756,16.78,16.7146,41.6826,0.364999,0.108657,0.0723082,0.0529386,0.040326,0.107521,0.0761124,0.0562689,0.0444387
D3YR,18.1517,17.6168,17.4704,17.4047,18.108,17.6601,17.476,17.4294,42.31,-0.310281,0.167155,0.111237,0.081439,0.0620362,0.165408,0.117089,0.0865623,0.068363
D3YR,17.3501,16.5002,16.2572,16.117,17.31,16.5632,16.2799,16.1671,42.9363,-1.70426,0.212137,0.141171,0.103355,0.0787305,0.20992,0.148598,0.109857,0.0867599
D3YR,18.2386,17.8749,17.7902,17.7698,18.2188,17.9211,17.7868,17.7887,40.8713,-1.07916,0.103608,0.0689478,0.0504784,0.0384519,0.102525,0.0725751,0.0536539,0.0423735
D3YR,18.2386,17.8749,17.7902,17.7698,18.2073,17.9059,17.7861,17.8316,40.8713,-1.07917,0.103608,0.0689477,0.0504783,0.0384519,0.102524,0.072575,0.0536538,0.0423734
D3YR,18.9539,18.0791,17.7971,17.6446,18.8956,18.1521,17.8318,17.7045,43.729,0.256384,0.240017,0.159724,0.116938,0.0890775,0.237508,0.168127,0.124294,0.0981622
D3YR,17.7892,17.6263,17.2668,17.3951,17.7903,17.6035,17.1555,17.4705,42.5293,0.423717,0.189362,0.126015,0.0922586,0.070278,0.187383,0.132645,0.0980625,0.0774454
D3YR,18.8555,18.0527,17.7689,17.6042,18.7774,18.1146,17.8013,17.683,42.5576,0.354936,0.223007,0.148404,0.108651,0.0827645,0.220676,0.156212,0.115486,0.0912054
D3YR,18.1785,17.3977,17.1407,17.0165,18.0484,17.392,17.1049,17.0083,42.4372,0.915037,0.184607,0.12285,0.0899416,0.068513,0.182677,0.129313,0.0955997,0.0755004
D3YR,18.4639,17.9139,17.7433,17.6638,18.412,17.9582,17.7615,17.6959,42.4895,0.86669,0.177728,0.118272,0.0865901,0.06596,0.17587,0.124495,0.0920374,0.072687
D3YR,17.7569,17.1174,16.922,16.8228,17.7131,17.1655,16.9412,16.8513,42.4858,0.945625,0.180965,0.120427,0.0881676,0.0671617,0.179074,0.126763,0.0937141,0.0740112
D3YR,17.6671,17.0877,16.92,16.8432,17.6223,17.1351,16.9125,16.8431,41.4448,-1.14786,0.101776,0.0677291,0.0495861,0.0377723,0.100712,0.0712924,0.0527056,0.0416245
D3YR,18.0683,17.6439,17.5544,17.5284,18.0605,17.6932,17.5652,17.5582,41.4384,-1.13313,0.100987,0.067204,0.0492017,0.0374794,0.0999316,0.0707396,0.0522969,0.0413018
D3YR,18.8842,18.2533,18.0502,17.9503,18.8155,18.2969,18.0685,18.0008,41.5132,-1.0301,0.0960583,0.0639239,0.0468003,0.0356501,0.0950541,0.067287,0.0497444,0.0392859
D3YR,18.9725,18.2782,18.0544,17.9322,18.9562,18.3278,18.0753,17.9882,43.7268,-0.666551,0.199024,0.132445,0.096966,0.0738638,0.196944,0.139413,0.103066,0.0813969
D3YR,18.139,17.5779,17.4206,17.3436,18.1013,17.6182,17.4258,17.3561,43.7607,-0.572322,0.207244,0.137914,0.10097,0.0769143,0.205077,0.14517,0.107322,0.0847585
D3YR,18.5689,17.939,17.7398,17.6371,18.5356,18.0011,17.7645,17.671,43.7733,-0.628703,0.205016,0.136432,0.099885,0.0760874,0.202872,0.143609,0.106169,0.0838473
D3YR,18.2029,17.773,17.6519,17.6043,18.1571,17.8007,17.657,17.61,43.4194,-0.416171,0.205946,0.137051,0.100338,0.0764329,0.203793,0.144261,0.106651,0.0842279
D3YR,17.0315,16.4772,16.3085,16.2282,16.9949,16.5203,16.331,16.2587,43.2589,-0.428868,0.207038,0.137778,0.100871,0.0768381,0.204874,0.145026,0.107216,0.0846746
D3YR,17.9711,17.5805,17.4903,17.4682,17.9527,17.6114,17.4928,17.4766,41.4776,-1.07719,0.097514,0.0648926,0.0475095,0.0361904,0.0964946,0.0683066,0.0504983,0.0398813
D3YR,18.0916,17.3089,17.0772,16.9535,18.0636,17.3736,17.1038,17.0067,41.4783,-1.00773,0.0933245,0.0621046,0.0454683,0.0346355,0.0923489,0.065372,0.0483287,0.0381679
D3YR,17.9132,17.2873,17.0938,16.9962,17.8604,17.3431,17.1198,17.0167,42.1535,0.0115957,0.139037,0.0925249,0.0677398,0.0516008,0.137584,0.0973927,0.0720012,0.0568633
D3YR,18.4073,17.5907,17.3365,17.1999,18.3154,17.6605,17.3737,17.2574,42.1932,0.0171806,0.144005,0.0958309,0.0701602,0.0534445,0.1425,0.100873,0.0745739,0.0588951
D3YR,17.5326,17.0956,16.9556,16.8967,17.5051,17.1339,16.9608,16.9181,42.7359,-0.190762,0.193603,0.128837,0.0943248,0.0718519,0.191579,0.135615,0.100259,0.0791798
D3YR,17.0989,16.7134,16.6249,16.6033,17.0585,16.7422,16.6218,16.6087,40.5971,-1.06064,0.103383,0.0687984,0.050369,0.0383686,0.102302,0.0724179,0.0535377,0.0422817
D3YR,17.8072,17.1386,16.9494,16.8457,17.773,17.196,16.9715,16.8874,42.5932,-0.219507,0.188711,0.125582,0.0919414,0.0700364,0.186738,0.132189,0.0977254,0.0771791
D3YR,17.8502,17.0045,16.7396,16.5898,17.7985,17.0719,16.7694,16.6368,42.5339,-0.198742,0.18417,0.12256,0.089729,0.0683511,0.182245,0.129008,0.0953737,0.0753219
D3YR,18.0302,17.5097,17.3641,17.3034,18.0069,17.544,17.3734,17.3182,42.0081,-0.714711,0.12984,0.0864043,0.0632587,0.0481873,0.128482,0.0909501,0.0672383,0.0531018
D3YR,18.2882,17.4408,17.1816,17.0376,18.2221,17.5005,17.2141,17.085,43.2363,0.633881,0.269755,0.179514,0.131426,0.100114,0.266935,0.188958,0.139694,0.110324
D3YR,18.6387,18.017,17.8361,17.7512,18.6183,18.0526,17.8496,17.7782,40.5191,-1.39834,0.0946269,0.0629714,0.0461029,0.0351189,0.0936377,0.0662843,0.0490032,0.0387005
D3YR,18.2149,17.3941,17.1353,16.9876,18.1586,17.4593,17.1675,17.0413,43.1844,-0.841272,0.206989,0.137745,0.100846,0.0768198,0.204825,0.144992,0.107191,0.0846543
D3YR,18.7315,18.1134,17.93,17.837,18.7041,18.1757,17.9432,17.8674,43.2319,-0.801598,0.203268,0.135269,0.0990337,0.075439,0.201143,0.142385,0.105264,0.0831327
D3YR,18.5542,17.8716,17.6613,17.5642,18.521,17.929,17.7064,17.6135,41.2745,-0.774388,0.0854891,0.0568904,0.0416509,0.0317275,0.0845954,0.0598834,0.0442711,0.0349633
D3YR,17.4515,16.8139,16.5861,16.4749,17.4144,16.8605,16.6188,16.5095,41.5307,0.438393,0.0995446,0.0662439,0.0484988,0.036944,0.098504,0.0697291,0.0515498,0.0407118
D3YR,18.7863,18.3044,18.1614,18.1092,18.7593,18.341,18.1766,18.1438,41.6136,0.394346,0.104483,0.0695302,0.0509048,0.0387767,0.103391,0.0731883,0.0541072,0.0427314
D3YR,16.9948,16.4594,16.3073,16.2381,16.966,16.502,16.3219,16.264,41.919,-0.0198675,0.146945,0.0977874,0.0715926,0.0545356,0.145409,0.102932,0.0760964,0.0600975
D3YR,17.1617,16.7278,16.6144,16.5738,17.1225,16.7606,16.6317,16.5891,41.9783,-0.0438609,0.142505,0.0948329,0.0694295,0.052888,0.141016,0.0998221,0.0737973,0.0582818
D3YR,18.5407,18.2067,18.1085,18.0755,18.4869,18.2353,18.1197,18.0875,41.9759,-0.0414095,0.142669,0.0949418,0.0695093,0.0529487,0.141177,0.0999368,0.073882,0.0583487
D3YR,17.3074,16.877,16.7616,16.7186,17.2693,16.9065,16.7694,16.738,41.9815,-0.0535079,0.142429,0.0947823,0.0693925,0.0528597,0.14094,0.0997689,0.0737579,0.0582507
D3YR,17.0692,16.4059,16.2166,16.136,17.0283,16.4625,16.2489,16.1749,41.7611,-0.139957,0.121072,0.0805697,0.0589871,0.0449334,0.119806,0.0848085,0.0626979,0.049516
D3YR,17.1558,16.6778,16.5517,16.5001,17.1224,16.7117,16.5615,16.5235,41.7892,-0.0759597,0.124004,0.0825206,0.0604154,0.0460214,0.122707,0.0868621,0.0642161,0.050715
D3YR,17.3757,16.9238,16.8121,16.7702,17.3462,16.9611,16.8191,16.7872,41.7826,-0.0983615,0.123645,0.0822817,0.0602405,0.0458882,0.122352,0.0866106,0.0640301,0.0505681
D3YR,18.6046,18.2893,18.2171,18.2069,18.5577,18.3105,18.2209,18.2305,40.8922,-1.02435,0.101033,0.0672341,0.0492238,0.0374962,0.0999764,0.0707713,0.0523204,0.0413203
D3YR,18.6786,18.1829,18.0584,18.0104,18.6558,18.2195,18.0681,18.0368,41.3165,-1.10504,0.094928,0.0631717,0.0462496,0.0352306,0.0939357,0.0664952,0.0491591,0.0388237
D3YR,17.7406,17.1494,16.982,16.8957,17.6962,17.1972,16.9887,16.9257,41.0022,0.128075,0.0984496,0.0655152,0.0479653,0.0365376,0.0974204,0.068962,0.0509828,0.0402639
D3YR,17.8135,17.3342,17.2071,17.154,17.7819,17.356,17.2143,17.1886,43,0.0310191,0.220365,0.146646,0.107363,0.081784,0.218061,0.154361,0.114117,0.0901248
D3YR,17.6557,17.0071,16.8121,16.7135,17.596,17.0658,16.8339,16.7487,40.7021,-1.11253,0.100527,0.0668978,0.0489775,0.0373086,0.0994762,0.0704173,0.0520586,0.0411136
D3YR,18.3845,17.7523,17.5396,17.4225,18.3054,17.8059,17.5572,17.4691,42.6955,0.398957,0.222668,0.148179,0.108486,0.0826389,0.220341,0.155975,0.11531,0.0910669
D3YR,18.9567,18.5075,18.3666,18.3094,18.951,18.5567,18.364,18.3333,41.5433,-1.05363,0.0994553,0.0661845,0.0484553,0.0369108,0.0984156,0.0696665,0.0515036,0.0406752
D3YR,17.9474,17.5624,17.469,17.4435,17.9099,17.5959,17.4816,17.4672,41.3877,-1.06405,0.100275,0.0667302,0.0488549,0.0372152,0.0992271,0.0702409,0.0519283,0.0410106
D3YR,17.2275,16.6944,16.5213,16.4367,17.1808,16.741,16.5367,16.4681,43.1784,-0.397406,0.194322,0.129315,0.094675,0.0721187,0.192291,0.136119,0.100631,0.0794738
D3YR,18.017,17.4582,17.2738,17.1872,17.97,17.5072,17.2979,17.2268,41.8473,-0.878757,0.131389,0.0874352,0.0640135,0.0487623,0.130015,0.0920352,0.0680405,0.0537354
D3YR,17.7818,17.4841,17.4064,17.3903,17.7713,17.4884,17.4112,17.405,41.3643,-1.00626,0.0962858,0.0640753,0.0469111,0.0357345,0.0952792,0.0674463,0.0498622,0.0393789
D3YR,17.5733,17.0215,16.8788,16.8166,17.536,17.0643,16.894,16.845,41.5956,-1.02278,0.101035,0.0672355,0.0492248,0.037497,0.0999785,0.0707728,0.0523215,0.0413212
D3YR,18.1952,17.8464,17.7538,17.7196,18.1435,17.879,17.753,17.7327,42.7181,-0.0692682,0.219073,0.145786,0.106734,0.0813044,0.216782,0.153456,0.113448,0.0895963
D3YR,18.4016,17.7025,17.4686,17.3326,18.3548,17.7635,17.494,17.3712,42.7298,-0.0978043,0.214592,0.142805,0.104551,0.0796417,0.212349,0.150318,0.111128,0.087764
D3YR,16.7902,16.4438,16.3652,16.3528,16.7598,16.4739,16.3642,16.3543,42.0289,-1.18055,0.137946,0.091799,0.0672083,0.0511959,0.136504,0.0966285,0.0714363,0.0564172
D3YR,17.1111,16.7357,16.6416,16.615,17.0827,16.7582,16.6382,16.6302,42.0665,-1.28637,0.138184,0.0919571,0.0673241,0.0512841,0.136739,0.096795,0.0715593,0.0565144
D3YR,17.4449,16.983,16.8723,16.8287,17.4149,17.0186,16.8806,16.8576,41.3882,-0.075122,0.0992199,0.0660279,0.0483406,0.0368235,0.0981827,0.0695016,0.0513817,0.040579
D3YR,17.6247,17.1476,17.01,16.953,17.584,17.1725,17.0257,16.9693,42.603,0.853677,0.167681,0.111587,0.0816954,0.0622315,0.165928,0.117457,0.0868348,0.0685783
D3YR,18.7316,17.8979,17.6462,17.5267,18.6596,17.9613,17.6988,17.578,41.4306,-0.719983,0.0944164,0.0628313,0.0460003,0.0350408,0.0934294,0.0661369,0.0488942,0.0386144
D3YR,18.6881,18.3308,18.2319,18.2216,18.6314,18.3706,18.2652,18.2359,41.4277,-0.702333,0.0944327,0.0628421,0.0460083,0.0350468,0.0934455,0.0661483,0.0489026,0.0386211
D3YR,18.9972,18.6154,18.5118,18.4784,18.9535,18.6393,18.516,18.4882,41.6031,0.363899,0.102576,0.0682616,0.049976,0.0380692,0.101504,0.0718528,0.0531199,0.0419517
D3YR,17.0377,16.4803,16.3217,16.248,17.0027,16.5272,16.3431,16.2709,42.7924,0.569061,0.212929,0.141698,0.103741,0.0790244,0.210703,0.149153,0.110267,0.0870838
D3YR,17.7213,17.2798,17.1735,17.1385,17.6927,17.3065,17.1894,17.1478,41.0739,-1.05498,0.0904052,0.060162,0.0440461,0.0335521,0.0894602,0.0633271,0.046817,0.0369739
D3YR,17.9145,17.3971,17.27,17.218,17.8726,17.447,17.2763,17.2469,41.0889,-1.12498,0.0899227,0.0598409,0.043811,0.033373,0.0889827,0.0629891,0.0465671,0.0367766
D3YR,18.7527,18.1754,18.0242,17.9545,18.6617,18.2072,18.036,17.9923,41.0694,-1.09291,0.0903837,0.0601476,0.0440356,0.0335441,0.0894389,0.063312,0.0468058,0.0369651
D3YR,18.1259,17.4226,17.2382,17.1392,18.0604,17.4676,17.2634,17.1727,43.1245,0.0290378,0.213182,0.141866,0.103864,0.0791181,0.210953,0.14933,0.110398,0.0871871
D3YR,18.8403,18.5073,18.4222,18.3918,18.7921,18.5201,18.4095,18.4268,43.1661,0.0474137,0.214579,0.142796,0.104544,0.0796367,0.212336,0.150308,0.111121,0.0877585
D3YR,18.8105,18.3261,18.1675,18.0934,18.7478,18.3733,18.1916,18.1246,43.199,0.0683482,0.215224,0.143225,0.104859,0.079876,0.212974,0.15076,0.111455,0.0880223
D3YR,17.732,17.3187,17.206,17.1572,17.702,17.3579,17.2157,17.1769,43.19,0.115353,0.222944,0.148362,0.10862,0.0827411,0.220613,0.156168,0.115453,0.0911796
D3YR,18.7445,18.2555,18.1045,18.0315,18.7015,18.2769,18.1126,18.0577,43.0935,0.147806,0.223552,0.148767,0.108916,0.082967,0.221215,0.156594,0.115768,0.0914285
D3YR,18.4361,17.9846,17.8464,17.789,18.4025,17.9966,17.8483,17.7998,42.5516,0.858134,0.169616,0.112874,0.0826381,0.0629496,0.167843,0.118813,0.0878367,0.0693695
D3YR,18.2534,17.7046,17.5462,17.477,18.2115,17.7446,17.5573,17.4815,42.5375,0.934629,0.175324,0.116673,0.0854189,0.0650679,0.173491,0.122811,0.0907925,0.0717039
D3YR,18.8899,18.5512,18.4607,18.4212,18.8894,18.567,18.4594,18.4751,43.689,-0.632407,0.19917,0.132541,0.0970368,0.0739178,0.197087,0.139514,0.103141,0.0814564
D3YR,18.7599,18.2509,18.0739,17.9913,18.734,18.2772,18.0928,18.0094,43.678,-0.627326,0.199602,0.132829,0.0972476,0.0740784,0.197516,0.139817,0.103365,0.0816334
D3YR,17.4958,16.8347,16.6385,16.5306,17.4672,16.8896,16.6643,16.5724,43.6726,0.233784,0.242069,0.16109,0.117938,0.089839,0.239538,0.169565,0.125357,0.0990014
D3YR,17.4714,17.0691,16.9635,16.9254,17.4383,17.1049,16.967,16.9468,43.4943,-0.687427,0.199285,0.132618,0.0970931,0.0739607,0.197202,0.139595,0.103201,0.0815036
D3YR,18.683,17.9139,17.6485,17.5048,18.6343,17.9827,17.6788,17.5251,43.4527,-0.681828,0.197947,0.131727,0.0964409,0.0734639,0.195877,0.138658,0.102508,0.0809562
D3YR,17.6592,17.1877,17.0606,17.0093,17.6274,17.2326,17.0796,17.0181,43.4529,-0.690164,0.198778,0.132281,0.0968459,0.0737724,0.1967,0.13924,0.102938,0.0812961
D3YR,17.9596,17.3564,17.1503,17.0503,17.9113,17.4065,17.1724,17.0842,43.4465,-0.726411,0.202445,0.134721,0.0986324,0.0751333,0.200328,0.141809,0.104837,0.0827958
D3YR,18.0033,17.2555,17.0433,16.9273,17.9533,17.3152,17.0669,16.9739,43.527,-0.722734,0.202258,0.134596,0.0985413,0.0750638,0.200143,0.141677,0.10474,0.0827193
D3YR,17.7569,17.2967,17.1738,17.1226,17.6882,17.3148,17.1717,17.1127,42.8937,-0.124086,0.215291,0.143269,0.104891,0.0799008,0.21304,0.150807,0.11149,0.0880496
D3YR,18.9641,18.5148,18.3829,18.3312,18.9713,18.5766,18.3966,18.3573,41.4211,-0.143827,0.0942335,0.0627095,0.0459112,0.0349729,0.0932484,0.0660087,0.0487994,0.0385396
D3YR,18.3133,17.623,17.4153,17.303,18.2563,17.6774,17.4438,17.3456,43.3832,-0.304862,0.215391,0.143336,0.10494,0.0799381,0.213139,0.150877,0.111542,0.0880906
D3YR,17.4925,17.1674,17.0755,17.0416,17.4666,17.1973,17.0833,17.0685,43.3736,-0.224586,0.237148,0.157815,0.11554,0.0880126,0.234668,0.166117,0.122808,0.0969886
D3YR,18.7741,18.0722,17.842,17.7139,18.7475,18.1289,17.8619,17.7731,43.3666,-0.283457,0.222236,0.147892,0.108275,0.0824786,0.219913,0.155672,0.115087,0.0908903
D3YR,18.2925,17.82,17.6756,17.6162,18.2625,17.8686,17.6947,17.6425,40.4755,-1.19469,0.101886,0.0678018,0.0496394,0.0378128,0.100821,0.0713689,0.0527621,0.0416692
D3YR,18.3674,17.8836,17.752,17.6983,18.3584,17.9247,17.7718,17.7218,40.4098,-1.17974,0.100438,0.0668387,0.0489342,0.0372757,0.0993883,0.0703551,0.0520126,0.0410773
D3YR,16.9378,16.6131,16.5395,16.5259,16.9196,16.6398,16.5323,16.5399,40.4372,-1.25933,0.101098,0.0672775,0.0492555,0.0375204,0.100041,0.070817,0.0523541,0.0413469
D3YR,17.7171,17.0874,16.9012,16.8121,17.6807,17.135,16.9169,16.8385,40.4498,-1.28539,0.0988642,0.0657911,0.0481673,0.0366915,0.0978307,0.0692524,0.0511975,0.0404335
D3YR,18.5067,18.0406,17.9032,17.8578,18.4655,18.076,17.9111,17.8905,41.3185,-0.746563,0.0879028,0.0584967,0.0428268,0.0326234,0.0869839,0.0615742,0.045521,0.0359505
D3YR,18.2483,17.3545,17.0872,16.9337,18.1982,17.421,17.1097,16.9823,43.0468,-1.65399,0.200393,0.133356,0.097633,0.074372,0.198298,0.140372,0.103775,0.0819569
D3YR,17.707,16.933,16.7122,16.5832,17.6679,16.9932,16.7229,16.6342,43.0409,-1.63694,0.201436,0.134049,0.0981408,0.0747587,0.19933,0.141102,0.104315,0.0823831
D3YR,17.8469,17.0967,16.8375,16.6856,17.805,17.1573,16.8661,16.7279,43.0096,-1.66108,0.201475,0.134075,0.0981599,0.0747733,0.199369,0.141129,0.104335,0.0823991
D3YR,17.937,17.0652,16.8036,16.6548,17.9,17.1326,16.8287,16.7008,42.9987,-1.65437,0.202903,0.135026,0.0988558,0.0753034,0.200782,0.14213,0.105075,0.0829834
D3YR,18.4459,17.6078,17.3628,17.2368,18.3984,17.6602,17.3778,17.279,40.9011,0.454314,0.110331,0.0734216,0.0537538,0.040947,0.109177,0.0772844,0.0571354,0.045123
D3YR,18.0588,17.6565,17.5615,17.5271,18.0275,17.6654,17.562,17.5479,43.0531,0.072065,0.221832,0.147623,0.108078,0.0823286,0.219513,0.155389,0.114877,0.0907249
D3YR,18.7326,18.1408,17.9508,17.8541,18.7197,18.1685,17.9715,17.8819,43.0649,0.0770472,0.222577,0.148118,0.108441,0.082605,0.22025,0.155911,0.115263,0.0910296
D3YR,18.5786,17.7946,17.4995,17.3281,18.5444,17.8574,17.5332,17.3792,43.056,0.0941261,0.22215,0.147834,0.108233,0.0824467,0.219828,0.155612,0.115042,0.0908551
D3YR,18.4954,18.177,18.0953,18.0838,18.4571,18.2124,18.1,18.0909,40.3056,-1.11361,0.0973219,0.0647648,0.0474159,0.0361191,0.0963045,0.0681721,0.0503988,0.0398027
D3YR,17.4839,16.8569,16.6821,16.5929,17.4379,16.9082,16.6895,16.6185,43.5452,0.259746,0.239884,0.159636,0.116873,0.0890281,0.237376,0.168034,0.124226,0.0981078
D3YR,18.2289,17.7874,17.6494,17.5908,18.2075,17.8149,17.6606,17.6261,43.6301,-0.123184,0.235431,0.156672,0.114703,0.0873753,0.232969,0.164915,0.121919,0.0962864
D3YR,18.745,18.3566,18.2397,18.2026,18.7283,18.3971,18.2747,18.2541,41.7163,0.182434,0.111024,0.0738831,0.0540916,0.0412043,0.109863,0.0777701,0.0574945,0.0454066
D3YR,18.9742,18.6255,18.5199,18.4837,18.9337,18.6486,18.5362,18.4929,41.6784,0.12639,0.107848,0.0717693,0.0525441,0.0400255,0.10672,0.0755451,0.0558496,0.0441075
D3YR,18.4311,17.9802,17.8468,17.8084,18.322,17.8919,17.7256,17.6883,41.8282,0.206612,0.124825,0.0830671,0.0608155,0.0463262,0.12352,0.0874373,0.0646413,0.0510508
D3YR,18.4883,17.7269,17.5113,17.4023,18.4501,17.7812,17.5289,17.4389,41.7449,-1.54582,0.117882,0.0784467,0.0574327,0.0437494,0.116649,0.0825738,0.0610458,0.0482112
D3YR,18.7381,17.9591,17.7152,17.5936,18.6786,18.0196,17.7543,17.6312,41.7957,-0.711726,0.125775,0.0836994,0.0612784,0.0466788,0.12446,0.0881029,0.0651334,0.0514394
D3YR,18.4773,17.9354,17.7873,17.7254,18.4329,17.9745,17.789,17.7309,40.5214,-1.1106,0.102479,0.0681965,0.0499284,0.0380329,0.101407,0.0717844,0.0530693,0.0419118
D3YR,18.1646,17.7023,17.5718,17.5184,18.1379,17.7348,17.5873,17.5439,42.6135,-0.514634,0.191464,0.127414,0.0932828,0.0710582,0.189463,0.134117,0.0991511,0.0783051
D3YR,18.8266,18.3828,18.2534,18.1961,18.8101,18.3947,18.2564,18.1997,42.0335,-0.901903,0.161921,0.107753,0.0788888,0.0600936,0.160228,0.113422,0.0838517,0.0662223
D3YR,17.577,17.0609,16.9276,16.8692,17.5544,17.0972,16.935,16.8877,42.5542,-0.637807,0.187798,0.124974,0.0914964,0.0696974,0.185835,0.131549,0.0972523,0.0768056
D3YR,18.2738,17.9236,17.8423,17.8269,18.2399,17.9554,17.8437,17.8326,41.926,-1.23434,0.125302,0.0833849,0.0610481,0.0465034,0.123992,0.0877718,0.0648886,0.0512461
D3YR,18.7195,18.4089,18.3345,18.3304,18.6847,18.4408,18.3445,18.31,40.8536,-0.761432,0.099685,0.0663374,0.0485672,0.0369961,0.098643,0.0698274,0.0516226,0.0407692
D3YR,18.08,17.3048,17.0407,16.9057,18.0454,17.3677,17.0785,16.9492,40.5058,-0.74105,0.103026,0.0685606,0.0501949,0.038236,0.101949,0.0721676,0.0533526,0.0421355
D3YR,18.4521,17.82,17.6355,17.5345,18.3918,17.8457,17.6344,17.5783,40.9843,0.644495,0.0970051,0.064554,0.0472616,0.0360015,0.0959911,0.0679502,0.0502347,0.0396732
D3YR,18.891,18.135,17.897,17.7733,18.8675,18.1993,17.9361,17.8173,41.5041,-0.47525,0.108567,0.0722481,0.0528946,0.0402925,0.107432,0.0760491,0.0562222,0.0444018
D3YR,18.5937,18.1402,17.9993,17.9426,18.5552,18.1646,18.0252,17.9744,41.4728,-0.455099,0.105599,0.0702728,0.0514485,0.0391909,0.104495,0.0739699,0.0546851,0.0431878
D3YR,17.9004,17.3787,17.2379,17.1773,17.8697,17.4117,17.2403,17.1983,40.6605,0.087005,0.110544,0.0735635,0.0538576,0.0410261,0.109388,0.0774337,0.0572458,0.0452102
D3YR,18.291,17.8757,17.771,17.7347,18.2874,17.9191,17.7764,17.7576,40.6529,0.11921,0.11573,0.0770151,0.0563846,0.042951,0.114521,0.0810669,0.0599318,0.0473314
D3YR,17.7231,17.4099,17.336,17.3152,17.7558,17.4737,17.3382,17.3311,40.6324,0.0636713,0.107055,0.0712418,0.0521579,0.0397313,0.105936,0.0749899,0.0554391,0.0437833
D3YR,16.6293,16.2955,16.2215,16.2098,16.5981,16.314,16.2157,16.2155,40.9156,-0.813953,0.10398,0.0691956,0.0506598,0.0385901,0.102893,0.072836,0.0538467,0.0425257
D3YR,18.5241,17.811,17.6015,17.4855,18.469,17.8583,17.6136,17.5232,40.3921,-0.375604,0.0888973,0.0591585,0.0433114,0.0329925,0.087968,0.0622708,0.0460361,0.0363572
D3YR,18.2088,17.4888,17.2544,17.1247,18.1548,17.5318,17.2854,17.1816,43.3223,-0.36694,0.206479,0.137405,0.100598,0.0766304,0.20432,0.144634,0.106926,0.0844456
D3YR,17.682,17.2398,17.1304,17.0932,17.6125,17.279,17.1409,17.1059,41.5668,-1.33346,0.114269,0.0760424,0.0556725,0.0424085,0.113074,0.080043,0.0591748,0.0467336
D3YR,18.158,17.6339,17.4573,17.3689,17.9598,17.6832,17.4804,17.4045,41.5686,-1.42719,0.111966,0.0745097,0.0545504,0.0415538,0.110795,0.0784297,0.0579821,0.0457917
D3YR,18.0447,17.5047,17.3335,17.257,18.0493,17.5524,17.3483,17.3302,41.5814,-1.35788,0.115989,0.077187,0.0565105,0.0430469,0.114776,0.0812478,0.0600655,0.0474371
D3YR,18.8293,18.1894,17.9615,17.8413,18.759,18.244,17.968,17.8681,42.2706,-0.0706748,0.154412,0.102756,0.0752304,0.0573068,0.152797,0.108162,0.0799631,0.0631513
D3YR,18.2182,17.6919,17.5479,17.4829,18.1713,17.7373,17.5645,17.5096,42.5812,-0.747236,0.188993,0.125769,0.0920786,0.0701409,0.187017,0.132386,0.0978711,0.0772943
D3YR,17.6513,17.1683,17.0161,16.9488,17.6068,17.2084,17.0304,16.9811,42.9132,0.63581,0.235448,0.156684,0.114712,0.087382,0.232987,0.164927,0.121929,0.0962937
D3YR,18.2695,17.769,17.6415,17.594,18.2405,17.7997,17.6597,17.6039,43.728,-0.357637,0.229332,0.152613,0.111732,0.0851119,0.226934,0.160642,0.118761,0.0937921
D3YR,17.5306,17.111,16.9828,16.9363,17.5131,17.1476,16.9965,16.9508,43.6796,-0.367613,0.220434,0.146692,0.107397,0.0818096,0.218129,0.15441,0.114153,0.090153
D3YR,17.5505,16.7941,16.5684,16.4537,17.5169,16.8594,16.5958,16.4971,41.8996,-0.459425,0.117826,0.0784093,0.0574054,0.0437286,0.116594,0.0825345,0.0610167,0.0481883
D3YR,18.2667,17.6589,17.4756,17.3869,18.2337,17.6988,17.4988,17.4259,42.3433,0.193575,0.164081,0.109191,0.0799412,0.0608952,0.162365,0.114935,0.0849702,0.0671057
D3YR,18.6315,17.9211,17.7007,17.5785,18.5894,17.9841,17.7263,17.6191,43.0968,0.847917,0.236466,0.157361,0.115208,0.0877594,0.233994,0.165639,0.122455,0.0967097
D3YR,17.0893,16.5515,16.3977,16.3296,17.0568,16.5871,16.4154,16.3613,42.0593,0.376694,0.146803,0.0976928,0.0715233,0.0544829,0.145268,0.102832,0.0760228,0.0600394
D3YR,18.7559,18.3925,18.2918,18.2539,18.7325,18.4308,18.2945,18.2594,43.1029,0.928315,0.229032,0.152414,0.111586,0.0850005,0.226637,0.160432,0.118606,0.0936694
D3YR,17.9224,17.4813,17.3477,17.2935,17.8652,17.4995,17.3658,17.3264,42.4882,0.0339117,0.185777,0.123629,0.0905118,0.0689474,0.183835,0.130133,0.0962058,0.075979
D3YR,18.2648,17.7173,17.5528,17.4763,18.2009,17.7551,17.5682,17.5035,42.4854,0.0629118,0.186372,0.124025,0.0908017,0.0691682,0.184424,0.13055,0.0965139,0.0762224
D3YR,18.0801,17.6282,17.5102,17.4655,18.0318,17.6584,17.5274,17.4928,40.9475,-1.28627,0.105187,0.0699986,0.0512477,0.0390379,0.104087,0.0736812,0.0544716,0.0430193
D3YR,17.8765,17.4708,17.3516,17.3049,17.8612,17.5093,17.3609,17.3264,43.1675,-0.795967,0.207568,0.13813,0.101128,0.0770346,0.205398,0.145397,0.10749,0.0848911
D3YR,18.8071,18.1839,17.9866,17.8858,18.7577,18.2461,18.0124,17.9443,42.009,-0.425127,0.126861,0.0844219,0.0618073,0.0470817,0.125534,0.0888633,0.0656956,0.0518834
D3YR,18.7871,18.2325,18.0595,17.9806,18.7831,18.2818,18.0814,18.0145,41.7106,-0.941994,0.106141,0.0706335,0.0517125,0.039392,0.105031,0.0743496,0.0549657,0.0434095
D3YR,18.3554,17.646,17.4367,17.3305,18.3169,17.7218,17.4609,17.3625,40.4728,-0.879934,0.107614,0.0716136,0.0524301,0.0399386,0.106489,0.0753812,0.0557284,0.0440118
D3YR,17.8556,17.2136,17.0078,16.9014,17.8148,17.2734,17.0312,16.9422,41.7434,-0.841292,0.117125,0.077943,0.057064,0.0434685,0.1159,0.0820437,0.0606539,0.0479017
D3YR,16.5845,16.2644,16.1859,16.1677,16.5451,16.2832,16.1763,16.1698,40.859,-0.52123,0.0996332,0.0663029,0.048542,0.0369769,0.0985917,0.0697911,0.0515957,0.040748
D3YR,18.225,17.7011,17.545,17.4722,18.1889,17.7359,17.553,17.5132,43.3853,0.711186,0.267419,0.17796,0.130289,0.0992474,0.264624,0.187322,0.138485,0.109369
D3YR,17.8068,17.3285,17.193,17.1343,17.7958,17.3633,17.2102,17.1683,41.9125,0.406404,0.13217,0.0879552,0.0643942,0.0490523,0.130788,0.0925825,0.0684451,0.0540549
D3YR,18.5176,17.7635,17.5374,17.4172,18.4619,17.8431,17.5717,17.4517,42.0688,-0.265725,0.138531,0.0921879,0.067493,0.0514128,0.137082,0.0970379,0.071739,0.0566562
D3YR,17.2516,16.8083,16.6996,16.6646,17.2143,16.8476,16.6976,16.6789,40.2897,-1.07876,0.0983224,0.0654306,0.0479034,0.0364904,0.0972946,0.0688729,0.0509169,0.0402119
D3YR,18.4941,17.6744,17.4326,17.3016,18.4494,17.7372,17.4717,17.3671,42.0517,-0.265264,0.136237,0.0906616,0.0663756,0.0505616,0.134813,0.0954313,0.0705512,0.0557182
D3YR,18.6284,18.0565,17.875,17.7845,18.6022,18.1046,17.8973,17.8223,43.0555,0.70765,0.245533,0.163395,0.119625,0.0911245,0.242966,0.171991,0.127151,0.100418
D3YR,18.6185,18.0729,17.916,17.8378,18.5778,18.1167,17.9182,17.8755,40.7213,0.172547,0.104452,0.0695099,0.0508899,0.0387654,0.10336,0.0731669,0.0540914,0.0427189
D3YR,17.6154,17.0892,16.9436,16.8816,17.5993,17.1365,16.9537,16.916,40.6699,0.168525,0.113525,0.0755472,0.05531,0.0421324,0.112338,0.0795218,0.0587895,0.0464293
D3YR,18.6227,18.092,17.9316,17.868,18.5525,18.1234,17.9473,17.8976,40.3828,-0.375056,0.0887386,0.0590529,0.0432341,0.0329336,0.087811,0.0621597,0.0459539,0.0362923
D3YR,17.7316,17.3172,17.2165,17.1828,17.696,17.362,17.2168,17.1923,40.3535,-0.389671,0.0901305,0.0599792,0.0439122,0.0334501,0.0891883,0.0631347,0.0466747,0.0368616
D3YR,18.2302,17.6947,17.535,17.4649,18.1857,17.7423,17.5449,17.4837,40.3456,-0.31046,0.0860052,0.0572338,0.0419023,0.0319191,0.0851061,0.0602449,0.0445383,0.0351744
D3YR,17.6691,17.1537,16.9808,16.8923,17.5385,17.0505,16.8262,16.7454,40.3621,-0.317777,0.0862638,0.057406,0.0420283,0.0320151,0.085362,0.0604261,0.0446723,0.0352802
D3YR,17.7034,17.0639,16.8799,16.7938,17.6571,17.1056,16.9017,16.8286,40.3313,-0.349818,0.0881426,0.0586562,0.0429437,0.0327124,0.0872212,0.0617422,0.0456452,0.0360486
D3YR,16.7291,16.2535,16.1218,16.0683,16.6987,16.2824,16.1253,16.082,40.4887,-0.369482,0.0902249,0.060042,0.0439582,0.0334852,0.0892817,0.0632008,0.0467236,0.0369002
D3YR,17.4845,16.6867,16.4223,16.2909,17.4203,16.739,16.4397,16.3186,40.4802,-0.303492,0.0905666,0.0602693,0.0441247,0.033612,0.0896198,0.0634401,0.0469005,0.0370399
D3YR,18.1437,17.5172,17.3127,17.2107,18.1051,17.5429,17.2905,17.193,40.473,-0.277629,0.0888212,0.0591078,0.0432743,0.0329642,0.0878927,0.0622175,0.0459966,0.0363261
D3YR,17.9881,17.6626,17.5793,17.5575,17.9666,17.6884,17.5692,17.5671,43.0262,-0.761223,0.193988,0.129093,0.0945123,0.0719948,0.19196,0.135885,0.100458,0.0793372
D3YR,17.7628,17.1799,17.0086,16.9237,17.7225,17.2246,17.028,16.97,43.3482,-0.0575731,0.216557,0.144112,0.105508,0.0803708,0.214293,0.151694,0.112145,0.0885675
D3YR,18.4572,17.5801,17.3097,17.1563,18.3974,17.6435,17.3366,17.2062,42.9396,0.0551752,0.221176,0.147186,0.107759,0.0820852,0.218864,0.15493,0.114538,0.0904568
D3YR,18.6501,18.1367,17.9863,17.9159,18.5228,18.1703,17.9999,17.9465,42.6312,-0.794548,0.187946,0.125073,0.0915687,0.0697524,0.185981,0.131653,0.0973292,0.0768662
D3YR,18.4865,17.9038,17.7134,17.6122,18.4277,17.9408,17.7276,17.6369,42.6404,-0.783311,0.187287,0.124634,0.0912475,0.0695078,0.185329,0.131191,0.0969878,0.0765966
D3YR,18.0566,17.3307,17.0989,16.971,17.9975,17.3889,17.1187,17.0246,43.562,-0.361884,0.20795,0.138384,0.101315,0.0771764,0.205776,0.145665,0.107688,0.0850473
D3YR,17.9045,17.4428,17.3232,17.28,17.8839,17.476,17.3411,17.2973,40.1204,-1.1221,0.102468,0.0681896,0.0499233,0.0380291,0.101397,0.0717771,0.0530639,0.0419075
D3YR,18.9517,18.6085,18.517,18.4953,18.9435,18.6488,18.5342,18.5222,41.0796,-0.100166,0.0948429,0.0631151,0.0462081,0.035199,0.0938515,0.0664356,0.049115,0.0387889
D3YR,18.0013,17.3066,17.1142,17.02,17.953,17.3602,17.1405,17.0667,41.1171,-0.0919083,0.094379,0.0628064,0.0459821,0.0350269,0.0933924,0.0661106,0.0488748,0.0385991
D3YR,18.3481,17.561,17.3201,17.1965,18.2798,17.6233,17.343,17.2277,41.1234,-0.0346739,0.093694,0.0623505,0.0456483,0.0347726,0.0927145,0.0656308,0.04852,0.038319
D3YR,18.2175,17.6743,17.5357,17.4862,18.1745,17.7316,17.5447,17.4975,41.0263,-0.0120871,0.0895304,0.0595798,0.0436198,0.0332274,0.0885944,0.0627143,0.0463639,0.0366161
D3YR,18.9017,18.3325,18.1382,18.0593,18.8044,18.3975,18.1645,18.0931,41.0264,-0.0698113,0.0905516,0.0602593,0.0441173,0.0336064,0.089605,0.0634296,0.0468927,0.0370338
D3YR,18.3229,17.8699,17.7509,17.7101,18.294,17.9142,17.7452,17.737,41.0683,-0.0847767,0.0939674,0.0625325,0.0457816,0.0348741,0.0929851,0.0658223,0.0486617,0.0384308
D3YR,18.9961,18.1964,17.9184,17.7632,18.951,18.277,17.9526,17.8294,43.3281,0.719972,0.267593,0.178075,0.130373,0.0993117,0.264795,0.187444,0.138575,0.10944
D3YR,18.59,18.0334,17.8662,17.7843,18.5418,18.0757,17.8838,17.8345,43.3452,0.799842,0.265198,0.176481,0.129206,0.0984228,0.262425,0.185766,0.137334,0.108461
D3YR,18.4288,17.9573,17.8213,17.7607,18.4163,17.9897,17.8342,17.79,42.1141,-0.572112,0.123058,0.0818916,0.0599549,0.0456706,0.121772,0.0862,0.0637266,0.0503284
D3YR,18.3457,17.9999,17.9153,17.893,18.3348,18.0259,17.9221,17.9188,42.1132,-0.579288,0.122577,0.0815714,0.0597204,0.045492,0.121296,0.0858629,0.0634774,0.0501316
D3YR,17.9246,17.0892,16.8348,16.6952,17.8772,17.144,16.8686,16.7485,42.1103,-0.613341,0.121814,0.0810635,0.0593486,0.0452088,0.120541,0.0853283,0.0630822,0.0498195
D3YR,18.9424,18.6115,18.526,18.4966,18.8747,18.6381,18.5216,18.5036,42.2201,-0.408557,0.156403,0.104081,0.0762005,0.0580457,0.154768,0.109557,0.0809942,0.0639656
D3YR,18.3447,17.5744,17.3015,17.1478,18.2948,17.6275,17.3341,17.2011,42.2116,-0.474601,0.146041,0.0971857,0.071152,0.0542001,0.144514,0.102299,0.0756281,0.0597277
D3YR,17.3832,16.9468,16.8182,16.7683,17.3336,16.9796,16.8257,16.7941,42.2914,0.056467,0.16088,0.107061,0.078382,0.0597075,0.159199,0.112694,0.0833129,0.0657968
D3YR,18.3661,18.0353,17.9498,17.93,18.3256,18.067,17.9654,17.9263,42.2906,0.0241589,0.159797,0.10634,0.0778542,0.0593054,0.158126,0.111935,0.0827519,0.0653538
D3YR,18.2732,17.7961,17.6435,17.5788,18.2191,17.8217,17.6605,17.6031,42.3063,0.0487377,0.162213,0.107948,0.0790315,0.0602022,0.160518,0.113627,0.0840033,0.066342
D3YR,17.7173,17.2984,17.1897,17.1623,17.7112,17.3348,17.1984,17.1871,41.4662,0.111125,0.095326,0.0634366,0.0464435,0.0353783,0.0943295,0.066774,0.0493652,0.0389864
D3YR,18.917,18.3112,18.091,17.9868,18.925,18.3722,18.1262,18.0249,41.487,0.137741,0.0947478,0.0630518,0.0461618,0.0351637,0.0937573,0.066369,0.0490658,0.03875
D3YR,18.9364,18.1764,17.9416,17.8288,18.8801,18.2391,17.9754,17.8654,41.5335,0.15942,0.0943112,0.0627613,0.0459491,0.0350017,0.0933253,0.0660632,0.0488397,0.0385714
D3YR,18.5228,17.9285,17.7594,17.6801,18.4988,17.9739,17.7892,17.7119,41.5288,0.162425,0.0943599,0.0627937,0.0459728,0.0350198,0.0933735,0.0660973,0.0488649,0.0385913
D3YR,18.1931,17.8807,17.8016,17.7892,18.1398,17.8977,17.8033,17.7908,41.5209,0.133309,0.0940969,0.0626187,0.0458447,0.0349222,0.0931133,0.065913,0.0487287,0.0384838
D3YR,18.1482,17.4643,17.2451,17.1283,18.094,17.5234,17.2671,17.1619,42.2354,0.0926253,0.155006,0.103152,0.0755202,0.0575275,0.153386,0.108579,0.0802711,0.0633946
D3YR,18.5338,17.8808,17.6821,17.5777,18.4932,17.9304,17.7013,17.6259,42.6325,-0.840517,0.188204,0.125244,0.0916943,0.0698481,0.186237,0.131833,0.0974627,0.0769717
D3YR,18.6784,18.302,18.1866,18.1538,18.7496,18.3484,18.2181,18.1611,40.3503,-0.682193,0.0998883,0.0664726,0.0486663,0.0370715,0.0988441,0.0699698,0.0517278,0.0408523
D3YR,17.6573,17.2194,17.0935,17.0491,17.6327,17.2533,17.1006,17.0672,40.3523,-0.758802,0.101638,0.0676372,0.0495189,0.037721,0.100576,0.0711956,0.052634,0.041568
D3YR,18.0126,17.309,17.0999,16.995,18.0339,17.3627,17.1531,17.0585,40.3095,-0.73084,0.10375,0.0690428,0.0505479,0.0385049,0.102666,0.0726752,0.0537279,0.0424319
D3YR,18.8205,18.4503,18.3462,18.3094,18.8534,18.452,18.3437,18.3546,43.4152,0.769214,0.269805,0.179547,0.131451,0.100133,0.266984,0.188993,0.13972,0.110345
D3YR,17.1723,16.309,16.1255,15.9876,17.1293,16.3723,16.1456,16.0166,41.0867,-0.932498,0.0869273,0.0578475,0.0423516,0.0322613,0.0860186,0.0608909,0.0450159,0.0355515
D3YR,18.6381,17.8999,17.6449,17.5027,18.5772,17.957,17.6835,17.5399,43.1574,-0.466402,0.195681,0.13022,0.095337,0.072623,0.193635,0.137071,0.101335,0.0800295
D3YR,17.3908,17.07,16.9885,16.972,17.3621,17.0877,16.9855,16.9842,41.6118,-1.43581,0.113261,0.0753716,0.0551814,0.0420344,0.112077,0.0793369,0.0586528,0.0463214
D3YR,17.8166,17.1729,16.9674,16.8641,17.7841,17.2127,16.9827,16.8981,40.6972,-1.72568,0.0981906,0.0653429,0.0478391,0.0364415,0.0971641,0.0687806,0.0508486,0.040158
D3YR,17.8786,17.4911,17.3915,17.3622,17.8342,17.5178,17.3847,17.3715,40.6948,-1.78682,0.0950303,0.0632398,0.0462994,0.0352686,0.0940369,0.0665669,0.0492121,0.0388655
D3YR,18.057,17.7376,17.6609,17.6471,18.0488,17.7467,17.6615,17.6621,40.6897,-1.70435,0.0986459,0.0656458,0.0480609,0.0366104,0.0976146,0.0690995,0.0510844,0.0403442
D3YR,17.9922,17.5292,17.3996,17.3502,17.9345,17.555,17.4018,17.3613,40.6862,-1.74416,0.0978164,0.0650939,0.0476568,0.0363026,0.0967939,0.0685185,0.0506549,0.040005
D3YR,18.7202,18.4266,18.3591,18.3532,18.6971,18.4163,18.346,18.3885,40.6762,-1.7312,0.0978344,0.0651058,0.0476656,0.0363093,0.0968117,0.0685311,0.0506642,0.0400123
D3YR,18.6406,18.2782,18.173,18.1355,18.5977,18.3009,18.181,18.1437,43.3518,-0.0769073,0.221118,0.147147,0.10773,0.0820634,0.218806,0.154889,0.114507,0.0904327
D3YR,18.0119,17.6203,17.5074,17.4673,17.9843,17.6424,17.5193,17.4986,42.5633,-0.689449,0.189039,0.1258,0.092101,0.070158,0.187063,0.132418,0.097895,0.0773131
D3YR,18.6637,18.1003,17.9323,17.8528,18.638,18.1704,17.9528,17.8945,42.7915,-0.772552,0.166712,0.110942,0.0812233,0.0618719,0.164969,0.116779,0.086333,0.0681819
D3YR,17.1384,16.7081,16.6052,16.5774,17.1123,16.7356,16.6035,16.5959,41.1942,0.127148,0.0967315,0.0643719,0.0471282,0.0358999,0.0957202,0.0677585,0.050093,0.0395612
D3YR,18.1846,17.415,17.1421,17.0057,18.1118,17.492,17.185,17.0528,41.1923,-0.0237236,0.0966449,0.0643143,0.0470861,0.0358678,0.0956346,0.0676979,0.0500482,0.0395258
D3YR,17.4754,17.146,17.0757,17.0661,17.4405,17.1847,17.0837,17.0718,41.1694,0.0108017,0.0969027,0.0644858,0.0472116,0.0359635,0.0958897,0.0678784,0.0501817,0.0396313
D3YR,18.1296,17.7014,17.5937,17.56,18.101,17.7287,17.5983,17.5621,41.1263,-1.78936,0.0979064,0.0651537,0.0477007,0.036336,0.0968829,0.0685815,0.0507015,0.0400417
D3YR,17.7453,17.2724,17.1154,17.0482,17.7281,17.3224,17.1324,17.0686,40.738,-0.364134,0.0863622,0.0574714,0.0420763,0.0320516,0.0854594,0.060495,0.0447232,0.0353204
D3YR,18.7487,17.8986,17.6128,17.4466,18.7074,17.9543,17.654,17.4976,42.4269,0.0827155,0.172927,0.115078,0.0842512,0.0641784,0.171119,0.121132,0.0895514,0.0707237
